STRUCTURE,STRUCTURE_ID,STRUCTURE_NAME,freq,Time frequency,c_resid,Country of residence,terrtypo,Territorial typology,nace_r2,Statistical classification of economic activities in the European Community (NACE Rev. 2),unit,Unit of measure,geo,Geopolitical entity (reporting),TIME_PERIOD,Time,OBS_VALUE,Observation value,OBS_FLAG,Observation status (Flag) V2 structure,CONF_STATUS,Confidentiality status (flag)
dataflow,ESTAT:TOUR_OCC_NINATDC(1.0),Nights spent at tourist accommodation establishments by degree of urbanisation and coastal/non-coastal area,A,Annual,TOTAL,Total,CST_A,Coastal areas,I551-I553,"Hotels; holiday and other short-stay accommodation; camping grounds, recreational vehicle parks and trailer parks",NR,Number,AL,Albania,2018,,1610265,,,,,
dataflow,ESTAT:TOUR_OCC_NINATDC(1.0),Nights spent at tourist accommodation establishments by degree of urbanisation and coastal/non-coastal area,A,Annual,TOTAL,Total,CST_A,Coastal areas,I551-I553,"Hotels; holiday and other short-stay accommodation; camping grounds, recreational vehicle parks and trailer parks",NR,Number,AL,Albania,2019,,1913448,,,,,
dataflow,ESTAT:TOUR_OCC_NINATDC(1.0),Nights spent at tourist accommodation establishments by degree of urbanisation and coastal/non-coastal area,A,Annual,TOTAL,Total,CST_A,Coastal areas,I551-I553,"Hotels; holiday and other short-stay accommodation; camping grounds, recreational vehicle parks and trailer parks",NR,Number,AL,Albania,2020,,1091836,,,,,
dataflow,ESTAT:TOUR_OCC_NINATDC(1.0),Nights spent at tourist accommodation establishments by degree of urbanisation and coastal/non-coastal area,A,Annual,TOTAL,Total,CST_A,Coastal areas,I551-I553,"Hotels; holiday and other short-stay accommodation; camping grounds, recreational vehicle parks and trailer parks",NR,Number,AL,Albania,2021,,2381810,,,,,
dataflow,ESTAT:TOUR_OCC_NINATDC(1.0),Nights spent at tourist accommodation establishments by degree of urbanisation and coastal/non-coastal area,A,Annual,TOTAL,Total,CST_A,Coastal areas,I551-I553,"Hotels; holiday and other short-stay accommodation; camping grounds, recreational vehicle parks and trailer parks",NR,Number,AL,Albania,2022,,2723732,,,,,
dataflow,ESTAT:TOUR_OCC_NINATDC(1.0),Nights spent at tourist accommodation establishments by degree of urbanisation and coastal/non-coastal area,A,Annual,TOTAL,Total,CST_A,Coastal areas,I551-I553,"Hotels; holiday and other short-stay accommodation; camping grounds, recreational vehicle parks and trailer parks",NR,Number,AL,Albania,2023,,4158964,,,,,
dataflow,ESTAT:TOUR_OCC_NINATDC(1.0),Nights spent at tourist accommodation establishments by degree of urbanisation and coastal/non-coastal area,A,Annual,TOTAL,Total,CST_A,Coastal areas,I551-I553,"Hotels; holiday and other short-stay accommodation; camping grounds, recreational vehicle parks and trailer parks",NR,Number,AL,Albania,2024,,5008594,,,,,
dataflow,ESTAT:TOUR_OCC_NINATDC(1.0),Nights spent at tourist accommodation establishments by degree of urbanisation and coastal/non-coastal area,A,Annual,TOTAL,Total,CST_A,Coastal areas,I551-I553,"Hotels; holiday and other short-stay accommodation; camping grounds, recreational vehicle parks and trailer parks",NR,Number,AT,Austria,2012,,0,,,,,
dataflow,ESTAT:TOUR_OCC_NINATDC(1.0),Nights spent at tourist accommodation establishments by degree of urbanisation and coastal/non-coastal area,A,Annual,TOTAL,Total,CST_A,Coastal areas,I551-I553,"Hotels; holiday and other short-stay accommodation; camping grounds, recreational vehicle parks and trailer parks",NR,Number,AT,Austria,2013,,0,,,,,
dataflow,ESTAT:TOUR_OCC_NINATDC(1.0),Nights spent at tourist accommodation establishments by degree of urbanisation and coastal/non-coastal area,A,Annual,TOTAL,Total,CST_A,Coastal areas,I551-I553,"Hotels; holiday and other short-stay accommodation; camping grounds, recreational vehicle parks and trailer parks",NR,Number,AT,Austria,2014,,0,,,,,
dataflow,ESTAT:TOUR_OCC_NINATDC(1.0),Nights spent at tourist accommodation establishments by degree of urbanisation and coastal/non-coastal area,A,Annual,TOTAL,Total,CST_A,Coastal areas,I551-I553,"Hotels; holiday and other short-stay accommodation; camping grounds, recreational vehicle parks and trailer parks",NR,Number,AT,Austria,2015,,0,,,,,
dataflow,ESTAT:TOUR_OCC_NINATDC(1.0),Nights spent at tourist accommodation establishments by degree of urbanisation and coastal/non-coastal area,A,Annual,TOTAL,Total,CST_A,Coastal areas,I551-I553,"Hotels; holiday and other short-stay accommodation; camping grounds, recreational vehicle parks and trailer parks",NR,Number,AT,Austria,2016,,0,,,,,
dataflow,ESTAT:TOUR_OCC_NINATDC(1.0),Nights spent at tourist accommodation establishments by degree of urbanisation and coastal/non-coastal area,A,Annual,TOTAL,Total,CST_A,Coastal areas,I551-I553,"Hotels; holiday and other short-stay accommodation; camping grounds, recreational vehicle parks and trailer parks",NR,Number,AT,Austria,2017,,0,,,,,
dataflow,ESTAT:TOUR_OCC_NINATDC(1.0),Nights spent at tourist accommodation establishments by degree of urbanisation and coastal/non-coastal area,A,Annual,TOTAL,Total,CST_A,Coastal areas,I551-I553,"Hotels; holiday and other short-stay accommodation; camping grounds, recreational vehicle parks and trailer parks",NR,Number,AT,Austria,2018,,0,,,,,
dataflow,ESTAT:TOUR_OCC_NINATDC(1.0),Nights spent at tourist accommodation establishments by degree of urbanisation and coastal/non-coastal area,A,Annual,TOTAL,Total,CST_A,Coastal areas,I551-I553,"Hotels; holiday and other short-stay accommodation; camping grounds, recreational vehicle parks and trailer parks",NR,Number,AT,Austria,2019,,0,,,,,
dataflow,ESTAT:TOUR_OCC_NINATDC(1.0),Nights spent at tourist accommodation establishments by degree of urbanisation and coastal/non-coastal area,A,Annual,TOTAL,Total,CST_A,Coastal areas,I551-I553,"Hotels; holiday and other short-stay accommodation; camping grounds, recreational vehicle parks and trailer parks",NR,Number,AT,Austria,2020,,0,,,,,
dataflow,ESTAT:TOUR_OCC_NINATDC(1.0),Nights spent at tourist accommodation establishments by degree of urbanisation and coastal/non-coastal area,A,Annual,TOTAL,Total,CST_A,Coastal areas,I551-I553,"Hotels; holiday and other short-stay accommodation; camping grounds, recreational vehicle parks and trailer parks",NR,Number,AT,Austria,2021,,0,,,,,
dataflow,ESTAT:TOUR_OCC_NINATDC(1.0),Nights spent at tourist accommodation establishments by degree of urbanisation and coastal/non-coastal area,A,Annual,TOTAL,Total,CST_A,Coastal areas,I551-I553,"Hotels; holiday and other short-stay accommodation; camping grounds, recreational vehicle parks and trailer parks",NR,Number,AT,Austria,2022,,0,,,,,
dataflow,ESTAT:TOUR_OCC_NINATDC(1.0),Nights spent at tourist accommodation establishments by degree of urbanisation and coastal/non-coastal area,A,Annual,TOTAL,Total,CST_A,Coastal areas,I551-I553,"Hotels; holiday and other short-stay accommodation; camping grounds, recreational vehicle parks and trailer parks",NR,Number,AT,Austria,2023,,0,,,,,
dataflow,ESTAT:TOUR_OCC_NINATDC(1.0),Nights spent at tourist accommodation establishments by degree of urbanisation and coastal/non-coastal area,A,Annual,TOTAL,Total,CST_A,Coastal areas,I551-I553,"Hotels; holiday and other short-stay accommodation; camping grounds, recreational vehicle parks and trailer parks",NR,Number,AT,Austria,2024,,0,,,,,
dataflow,ESTAT:TOUR_OCC_NINATDC(1.0),Nights spent at tourist accommodation establishments by degree of urbanisation and coastal/non-coastal area,A,Annual,TOTAL,Total,CST_A,Coastal areas,I551-I553,"Hotels; holiday and other short-stay accommodation; camping grounds, recreational vehicle parks and trailer parks",NR,Number,BE,Belgium,2012,,6607348,,,,,
dataflow,ESTAT:TOUR_OCC_NINATDC(1.0),Nights spent at tourist accommodation establishments by degree of urbanisation and coastal/non-coastal area,A,Annual,TOTAL,Total,CST_A,Coastal areas,I551-I553,"Hotels; holiday and other short-stay accommodation; camping grounds, recreational vehicle parks and trailer parks",NR,Number,BE,Belgium,2013,,6612208,,,,,
dataflow,ESTAT:TOUR_OCC_NINATDC(1.0),Nights spent at tourist accommodation establishments by degree of urbanisation and coastal/non-coastal area,A,Annual,TOTAL,Total,CST_A,Coastal areas,I551-I553,"Hotels; holiday and other short-stay accommodation; camping grounds, recreational vehicle parks and trailer parks",NR,Number,BE,Belgium,2014,,6957317,,,,,
dataflow,ESTAT:TOUR_OCC_NINATDC(1.0),Nights spent at tourist accommodation establishments by degree of urbanisation and coastal/non-coastal area,A,Annual,TOTAL,Total,CST_A,Coastal areas,I551-I553,"Hotels; holiday and other short-stay accommodation; camping grounds, recreational vehicle parks and trailer parks",NR,Number,BE,Belgium,2015,,8454289,,,,,
dataflow,ESTAT:TOUR_OCC_NINATDC(1.0),Nights spent at tourist accommodation establishments by degree of urbanisation and coastal/non-coastal area,A,Annual,TOTAL,Total,CST_A,Coastal areas,I551-I553,"Hotels; holiday and other short-stay accommodation; camping grounds, recreational vehicle parks and trailer parks",NR,Number,BE,Belgium,2016,,8373621,,,,,
dataflow,ESTAT:TOUR_OCC_NINATDC(1.0),Nights spent at tourist accommodation establishments by degree of urbanisation and coastal/non-coastal area,A,Annual,TOTAL,Total,CST_A,Coastal areas,I551-I553,"Hotels; holiday and other short-stay accommodation; camping grounds, recreational vehicle parks and trailer parks",NR,Number,BE,Belgium,2017,,8142814,,,,,
dataflow,ESTAT:TOUR_OCC_NINATDC(1.0),Nights spent at tourist accommodation establishments by degree of urbanisation and coastal/non-coastal area,A,Annual,TOTAL,Total,CST_A,Coastal areas,I551-I553,"Hotels; holiday and other short-stay accommodation; camping grounds, recreational vehicle parks and trailer parks",NR,Number,BE,Belgium,2018,,8251783,,,,,
dataflow,ESTAT:TOUR_OCC_NINATDC(1.0),Nights spent at tourist accommodation establishments by degree of urbanisation and coastal/non-coastal area,A,Annual,TOTAL,Total,CST_A,Coastal areas,I551-I553,"Hotels; holiday and other short-stay accommodation; camping grounds, recreational vehicle parks and trailer parks",NR,Number,BE,Belgium,2019,,8131800,,,,,
dataflow,ESTAT:TOUR_OCC_NINATDC(1.0),Nights spent at tourist accommodation establishments by degree of urbanisation and coastal/non-coastal area,A,Annual,TOTAL,Total,CST_A,Coastal areas,I551-I553,"Hotels; holiday and other short-stay accommodation; camping grounds, recreational vehicle parks and trailer parks",NR,Number,BE,Belgium,2020,,5335996,,,,,
dataflow,ESTAT:TOUR_OCC_NINATDC(1.0),Nights spent at tourist accommodation establishments by degree of urbanisation and coastal/non-coastal area,A,Annual,TOTAL,Total,CST_A,Coastal areas,I551-I553,"Hotels; holiday and other short-stay accommodation; camping grounds, recreational vehicle parks and trailer parks",NR,Number,BE,Belgium,2021,,8172595,,,,,
dataflow,ESTAT:TOUR_OCC_NINATDC(1.0),Nights spent at tourist accommodation establishments by degree of urbanisation and coastal/non-coastal area,A,Annual,TOTAL,Total,CST_A,Coastal areas,I551-I553,"Hotels; holiday and other short-stay accommodation; camping grounds, recreational vehicle parks and trailer parks",NR,Number,BE,Belgium,2022,,8506119,,,,,
dataflow,ESTAT:TOUR_OCC_NINATDC(1.0),Nights spent at tourist accommodation establishments by degree of urbanisation and coastal/non-coastal area,A,Annual,TOTAL,Total,CST_A,Coastal areas,I551-I553,"Hotels; holiday and other short-stay accommodation; camping grounds, recreational vehicle parks and trailer parks",NR,Number,BE,Belgium,2023,,8016146,,,,,
dataflow,ESTAT:TOUR_OCC_NINATDC(1.0),Nights spent at tourist accommodation establishments by degree of urbanisation and coastal/non-coastal area,A,Annual,TOTAL,Total,CST_A,Coastal areas,I551-I553,"Hotels; holiday and other short-stay accommodation; camping grounds, recreational vehicle parks and trailer parks",NR,Number,BE,Belgium,2024,,7906071,,,,,
dataflow,ESTAT:TOUR_OCC_NINATDC(1.0),Nights spent at tourist accommodation establishments by degree of urbanisation and coastal/non-coastal area,A,Annual,TOTAL,Total,CST_A,Coastal areas,I551-I553,"Hotels; holiday and other short-stay accommodation; camping grounds, recreational vehicle parks and trailer parks",NR,Number,BG,Bulgaria,2012,,13792828,,,,,
dataflow,ESTAT:TOUR_OCC_NINATDC(1.0),Nights spent at tourist accommodation establishments by degree of urbanisation and coastal/non-coastal area,A,Annual,TOTAL,Total,CST_A,Coastal areas,I551-I553,"Hotels; holiday and other short-stay accommodation; camping grounds, recreational vehicle parks and trailer parks",NR,Number,BG,Bulgaria,2013,,14706418,,,,,
dataflow,ESTAT:TOUR_OCC_NINATDC(1.0),Nights spent at tourist accommodation establishments by degree of urbanisation and coastal/non-coastal area,A,Annual,TOTAL,Total,CST_A,Coastal areas,I551-I553,"Hotels; holiday and other short-stay accommodation; camping grounds, recreational vehicle parks and trailer parks",NR,Number,BG,Bulgaria,2014,,14214770,,,,,
dataflow,ESTAT:TOUR_OCC_NINATDC(1.0),Nights spent at tourist accommodation establishments by degree of urbanisation and coastal/non-coastal area,A,Annual,TOTAL,Total,CST_A,Coastal areas,I551-I553,"Hotels; holiday and other short-stay accommodation; camping grounds, recreational vehicle parks and trailer parks",NR,Number,BG,Bulgaria,2015,,13660772,,,,,
dataflow,ESTAT:TOUR_OCC_NINATDC(1.0),Nights spent at tourist accommodation establishments by degree of urbanisation and coastal/non-coastal area,A,Annual,TOTAL,Total,CST_A,Coastal areas,I551-I553,"Hotels; holiday and other short-stay accommodation; camping grounds, recreational vehicle parks and trailer parks",NR,Number,BG,Bulgaria,2016,,16638478,,,,,
dataflow,ESTAT:TOUR_OCC_NINATDC(1.0),Nights spent at tourist accommodation establishments by degree of urbanisation and coastal/non-coastal area,A,Annual,TOTAL,Total,CST_A,Coastal areas,I551-I553,"Hotels; holiday and other short-stay accommodation; camping grounds, recreational vehicle parks and trailer parks",NR,Number,BG,Bulgaria,2017,,17136282,,,,,
dataflow,ESTAT:TOUR_OCC_NINATDC(1.0),Nights spent at tourist accommodation establishments by degree of urbanisation and coastal/non-coastal area,A,Annual,TOTAL,Total,CST_A,Coastal areas,I551-I553,"Hotels; holiday and other short-stay accommodation; camping grounds, recreational vehicle parks and trailer parks",NR,Number,BG,Bulgaria,2018,,17672414,,,,,
dataflow,ESTAT:TOUR_OCC_NINATDC(1.0),Nights spent at tourist accommodation establishments by degree of urbanisation and coastal/non-coastal area,A,Annual,TOTAL,Total,CST_A,Coastal areas,I551-I553,"Hotels; holiday and other short-stay accommodation; camping grounds, recreational vehicle parks and trailer parks",NR,Number,BG,Bulgaria,2019,,17697977,,,,,
dataflow,ESTAT:TOUR_OCC_NINATDC(1.0),Nights spent at tourist accommodation establishments by degree of urbanisation and coastal/non-coastal area,A,Annual,TOTAL,Total,CST_A,Coastal areas,I551-I553,"Hotels; holiday and other short-stay accommodation; camping grounds, recreational vehicle parks and trailer parks",NR,Number,BG,Bulgaria,2020,,6294974,,,,,
dataflow,ESTAT:TOUR_OCC_NINATDC(1.0),Nights spent at tourist accommodation establishments by degree of urbanisation and coastal/non-coastal area,A,Annual,TOTAL,Total,CST_A,Coastal areas,I551-I553,"Hotels; holiday and other short-stay accommodation; camping grounds, recreational vehicle parks and trailer parks",NR,Number,BG,Bulgaria,2021,,10745190,,,,,
dataflow,ESTAT:TOUR_OCC_NINATDC(1.0),Nights spent at tourist accommodation establishments by degree of urbanisation and coastal/non-coastal area,A,Annual,TOTAL,Total,CST_A,Coastal areas,I551-I553,"Hotels; holiday and other short-stay accommodation; camping grounds, recreational vehicle parks and trailer parks",NR,Number,BG,Bulgaria,2022,,14309503,,,,,
dataflow,ESTAT:TOUR_OCC_NINATDC(1.0),Nights spent at tourist accommodation establishments by degree of urbanisation and coastal/non-coastal area,A,Annual,TOTAL,Total,CST_A,Coastal areas,I551-I553,"Hotels; holiday and other short-stay accommodation; camping grounds, recreational vehicle parks and trailer parks",NR,Number,BG,Bulgaria,2023,,15597432,,,,,
dataflow,ESTAT:TOUR_OCC_NINATDC(1.0),Nights spent at tourist accommodation establishments by degree of urbanisation and coastal/non-coastal area,A,Annual,TOTAL,Total,CST_A,Coastal areas,I551-I553,"Hotels; holiday and other short-stay accommodation; camping grounds, recreational vehicle parks and trailer parks",NR,Number,BG,Bulgaria,2024,,16242957,,,,,
dataflow,ESTAT:TOUR_OCC_NINATDC(1.0),Nights spent at tourist accommodation establishments by degree of urbanisation and coastal/non-coastal area,A,Annual,TOTAL,Total,CST_A,Coastal areas,I551-I553,"Hotels; holiday and other short-stay accommodation; camping grounds, recreational vehicle parks and trailer parks",NR,Number,CH,Switzerland,2016,,0,,,,,
dataflow,ESTAT:TOUR_OCC_NINATDC(1.0),Nights spent at tourist accommodation establishments by degree of urbanisation and coastal/non-coastal area,A,Annual,TOTAL,Total,CST_A,Coastal areas,I551-I553,"Hotels; holiday and other short-stay accommodation; camping grounds, recreational vehicle parks and trailer parks",NR,Number,CH,Switzerland,2017,,0,,,,,
dataflow,ESTAT:TOUR_OCC_NINATDC(1.0),Nights spent at tourist accommodation establishments by degree of urbanisation and coastal/non-coastal area,A,Annual,TOTAL,Total,CST_A,Coastal areas,I551-I553,"Hotels; holiday and other short-stay accommodation; camping grounds, recreational vehicle parks and trailer parks",NR,Number,CH,Switzerland,2018,,0,,,,,
dataflow,ESTAT:TOUR_OCC_NINATDC(1.0),Nights spent at tourist accommodation establishments by degree of urbanisation and coastal/non-coastal area,A,Annual,TOTAL,Total,CST_A,Coastal areas,I551-I553,"Hotels; holiday and other short-stay accommodation; camping grounds, recreational vehicle parks and trailer parks",NR,Number,CH,Switzerland,2019,,0,,,,,
dataflow,ESTAT:TOUR_OCC_NINATDC(1.0),Nights spent at tourist accommodation establishments by degree of urbanisation and coastal/non-coastal area,A,Annual,TOTAL,Total,CST_A,Coastal areas,I551-I553,"Hotels; holiday and other short-stay accommodation; camping grounds, recreational vehicle parks and trailer parks",NR,Number,CH,Switzerland,2021,,0,,,,,
dataflow,ESTAT:TOUR_OCC_NINATDC(1.0),Nights spent at tourist accommodation establishments by degree of urbanisation and coastal/non-coastal area,A,Annual,TOTAL,Total,CST_A,Coastal areas,I551-I553,"Hotels; holiday and other short-stay accommodation; camping grounds, recreational vehicle parks and trailer parks",NR,Number,CH,Switzerland,2022,,0,,,,,
dataflow,ESTAT:TOUR_OCC_NINATDC(1.0),Nights spent at tourist accommodation establishments by degree of urbanisation and coastal/non-coastal area,A,Annual,TOTAL,Total,CST_A,Coastal areas,I551-I553,"Hotels; holiday and other short-stay accommodation; camping grounds, recreational vehicle parks and trailer parks",NR,Number,CH,Switzerland,2023,,0,,,,,
dataflow,ESTAT:TOUR_OCC_NINATDC(1.0),Nights spent at tourist accommodation establishments by degree of urbanisation and coastal/non-coastal area,A,Annual,TOTAL,Total,CST_A,Coastal areas,I551-I553,"Hotels; holiday and other short-stay accommodation; camping grounds, recreational vehicle parks and trailer parks",NR,Number,CH,Switzerland,2024,,0,,,,,
dataflow,ESTAT:TOUR_OCC_NINATDC(1.0),Nights spent at tourist accommodation establishments by degree of urbanisation and coastal/non-coastal area,A,Annual,TOTAL,Total,CST_A,Coastal areas,I551-I553,"Hotels; holiday and other short-stay accommodation; camping grounds, recreational vehicle parks and trailer parks",NR,Number,CY,Cyprus,2012,,14576573,,,,,
dataflow,ESTAT:TOUR_OCC_NINATDC(1.0),Nights spent at tourist accommodation establishments by degree of urbanisation and coastal/non-coastal area,A,Annual,TOTAL,Total,CST_A,Coastal areas,I551-I553,"Hotels; holiday and other short-stay accommodation; camping grounds, recreational vehicle parks and trailer parks",NR,Number,CY,Cyprus,2013,,14048528,,,,,
dataflow,ESTAT:TOUR_OCC_NINATDC(1.0),Nights spent at tourist accommodation establishments by degree of urbanisation and coastal/non-coastal area,A,Annual,TOTAL,Total,CST_A,Coastal areas,I551-I553,"Hotels; holiday and other short-stay accommodation; camping grounds, recreational vehicle parks and trailer parks",NR,Number,CY,Cyprus,2014,,13715342,,,,,
dataflow,ESTAT:TOUR_OCC_NINATDC(1.0),Nights spent at tourist accommodation establishments by degree of urbanisation and coastal/non-coastal area,A,Annual,TOTAL,Total,CST_A,Coastal areas,I551-I553,"Hotels; holiday and other short-stay accommodation; camping grounds, recreational vehicle parks and trailer parks",NR,Number,CY,Cyprus,2015,,12922422,,,,,
dataflow,ESTAT:TOUR_OCC_NINATDC(1.0),Nights spent at tourist accommodation establishments by degree of urbanisation and coastal/non-coastal area,A,Annual,TOTAL,Total,CST_A,Coastal areas,I551-I553,"Hotels; holiday and other short-stay accommodation; camping grounds, recreational vehicle parks and trailer parks",NR,Number,CY,Cyprus,2016,,14863029,,,,,
dataflow,ESTAT:TOUR_OCC_NINATDC(1.0),Nights spent at tourist accommodation establishments by degree of urbanisation and coastal/non-coastal area,A,Annual,TOTAL,Total,CST_A,Coastal areas,I551-I553,"Hotels; holiday and other short-stay accommodation; camping grounds, recreational vehicle parks and trailer parks",NR,Number,CY,Cyprus,2017,,16262242,,,,,
dataflow,ESTAT:TOUR_OCC_NINATDC(1.0),Nights spent at tourist accommodation establishments by degree of urbanisation and coastal/non-coastal area,A,Annual,TOTAL,Total,CST_A,Coastal areas,I551-I553,"Hotels; holiday and other short-stay accommodation; camping grounds, recreational vehicle parks and trailer parks",NR,Number,CY,Cyprus,2018,,16632121,,,,,
dataflow,ESTAT:TOUR_OCC_NINATDC(1.0),Nights spent at tourist accommodation establishments by degree of urbanisation and coastal/non-coastal area,A,Annual,TOTAL,Total,CST_A,Coastal areas,I551-I553,"Hotels; holiday and other short-stay accommodation; camping grounds, recreational vehicle parks and trailer parks",NR,Number,CY,Cyprus,2019,,17008099,,,,,
dataflow,ESTAT:TOUR_OCC_NINATDC(1.0),Nights spent at tourist accommodation establishments by degree of urbanisation and coastal/non-coastal area,A,Annual,TOTAL,Total,CST_A,Coastal areas,I551-I553,"Hotels; holiday and other short-stay accommodation; camping grounds, recreational vehicle parks and trailer parks",NR,Number,CY,Cyprus,2020,,3425406,,,,,
dataflow,ESTAT:TOUR_OCC_NINATDC(1.0),Nights spent at tourist accommodation establishments by degree of urbanisation and coastal/non-coastal area,A,Annual,TOTAL,Total,CST_A,Coastal areas,I551-I553,"Hotels; holiday and other short-stay accommodation; camping grounds, recreational vehicle parks and trailer parks",NR,Number,CY,Cyprus,2021,,9347922,,,,,
dataflow,ESTAT:TOUR_OCC_NINATDC(1.0),Nights spent at tourist accommodation establishments by degree of urbanisation and coastal/non-coastal area,A,Annual,TOTAL,Total,CST_A,Coastal areas,I551-I553,"Hotels; holiday and other short-stay accommodation; camping grounds, recreational vehicle parks and trailer parks",NR,Number,CY,Cyprus,2022,,13770590,,,,,
dataflow,ESTAT:TOUR_OCC_NINATDC(1.0),Nights spent at tourist accommodation establishments by degree of urbanisation and coastal/non-coastal area,A,Annual,TOTAL,Total,CST_A,Coastal areas,I551-I553,"Hotels; holiday and other short-stay accommodation; camping grounds, recreational vehicle parks and trailer parks",NR,Number,CY,Cyprus,2023,,15121071,,,,,
dataflow,ESTAT:TOUR_OCC_NINATDC(1.0),Nights spent at tourist accommodation establishments by degree of urbanisation and coastal/non-coastal area,A,Annual,TOTAL,Total,CST_A,Coastal areas,I551-I553,"Hotels; holiday and other short-stay accommodation; camping grounds, recreational vehicle parks and trailer parks",NR,Number,CY,Cyprus,2024,,17351212,,,,,
dataflow,ESTAT:TOUR_OCC_NINATDC(1.0),Nights spent at tourist accommodation establishments by degree of urbanisation and coastal/non-coastal area,A,Annual,TOTAL,Total,CST_A,Coastal areas,I551-I553,"Hotels; holiday and other short-stay accommodation; camping grounds, recreational vehicle parks and trailer parks",NR,Number,CZ,Czechia,2012,,0,,,,,
dataflow,ESTAT:TOUR_OCC_NINATDC(1.0),Nights spent at tourist accommodation establishments by degree of urbanisation and coastal/non-coastal area,A,Annual,TOTAL,Total,CST_A,Coastal areas,I551-I553,"Hotels; holiday and other short-stay accommodation; camping grounds, recreational vehicle parks and trailer parks",NR,Number,CZ,Czechia,2013,,0,,,,,
dataflow,ESTAT:TOUR_OCC_NINATDC(1.0),Nights spent at tourist accommodation establishments by degree of urbanisation and coastal/non-coastal area,A,Annual,TOTAL,Total,CST_A,Coastal areas,I551-I553,"Hotels; holiday and other short-stay accommodation; camping grounds, recreational vehicle parks and trailer parks",NR,Number,CZ,Czechia,2014,,0,,,,,
dataflow,ESTAT:TOUR_OCC_NINATDC(1.0),Nights spent at tourist accommodation establishments by degree of urbanisation and coastal/non-coastal area,A,Annual,TOTAL,Total,CST_A,Coastal areas,I551-I553,"Hotels; holiday and other short-stay accommodation; camping grounds, recreational vehicle parks and trailer parks",NR,Number,CZ,Czechia,2015,,0,,,,,
dataflow,ESTAT:TOUR_OCC_NINATDC(1.0),Nights spent at tourist accommodation establishments by degree of urbanisation and coastal/non-coastal area,A,Annual,TOTAL,Total,CST_A,Coastal areas,I551-I553,"Hotels; holiday and other short-stay accommodation; camping grounds, recreational vehicle parks and trailer parks",NR,Number,CZ,Czechia,2016,,0,,,,,
dataflow,ESTAT:TOUR_OCC_NINATDC(1.0),Nights spent at tourist accommodation establishments by degree of urbanisation and coastal/non-coastal area,A,Annual,TOTAL,Total,CST_A,Coastal areas,I551-I553,"Hotels; holiday and other short-stay accommodation; camping grounds, recreational vehicle parks and trailer parks",NR,Number,CZ,Czechia,2017,,0,,,,,
dataflow,ESTAT:TOUR_OCC_NINATDC(1.0),Nights spent at tourist accommodation establishments by degree of urbanisation and coastal/non-coastal area,A,Annual,TOTAL,Total,CST_A,Coastal areas,I551-I553,"Hotels; holiday and other short-stay accommodation; camping grounds, recreational vehicle parks and trailer parks",NR,Number,CZ,Czechia,2018,,0,,,,,
dataflow,ESTAT:TOUR_OCC_NINATDC(1.0),Nights spent at tourist accommodation establishments by degree of urbanisation and coastal/non-coastal area,A,Annual,TOTAL,Total,CST_A,Coastal areas,I551-I553,"Hotels; holiday and other short-stay accommodation; camping grounds, recreational vehicle parks and trailer parks",NR,Number,CZ,Czechia,2019,,0,,,,,
dataflow,ESTAT:TOUR_OCC_NINATDC(1.0),Nights spent at tourist accommodation establishments by degree of urbanisation and coastal/non-coastal area,A,Annual,TOTAL,Total,CST_A,Coastal areas,I551-I553,"Hotels; holiday and other short-stay accommodation; camping grounds, recreational vehicle parks and trailer parks",NR,Number,CZ,Czechia,2020,,0,,,,,
dataflow,ESTAT:TOUR_OCC_NINATDC(1.0),Nights spent at tourist accommodation establishments by degree of urbanisation and coastal/non-coastal area,A,Annual,TOTAL,Total,CST_A,Coastal areas,I551-I553,"Hotels; holiday and other short-stay accommodation; camping grounds, recreational vehicle parks and trailer parks",NR,Number,CZ,Czechia,2021,,0,,,,,
dataflow,ESTAT:TOUR_OCC_NINATDC(1.0),Nights spent at tourist accommodation establishments by degree of urbanisation and coastal/non-coastal area,A,Annual,TOTAL,Total,CST_A,Coastal areas,I551-I553,"Hotels; holiday and other short-stay accommodation; camping grounds, recreational vehicle parks and trailer parks",NR,Number,CZ,Czechia,2022,,0,,,,,
dataflow,ESTAT:TOUR_OCC_NINATDC(1.0),Nights spent at tourist accommodation establishments by degree of urbanisation and coastal/non-coastal area,A,Annual,TOTAL,Total,CST_A,Coastal areas,I551-I553,"Hotels; holiday and other short-stay accommodation; camping grounds, recreational vehicle parks and trailer parks",NR,Number,CZ,Czechia,2023,,0,,,,,
dataflow,ESTAT:TOUR_OCC_NINATDC(1.0),Nights spent at tourist accommodation establishments by degree of urbanisation and coastal/non-coastal area,A,Annual,TOTAL,Total,CST_A,Coastal areas,I551-I553,"Hotels; holiday and other short-stay accommodation; camping grounds, recreational vehicle parks and trailer parks",NR,Number,CZ,Czechia,2024,,0,,,,,
dataflow,ESTAT:TOUR_OCC_NINATDC(1.0),Nights spent at tourist accommodation establishments by degree of urbanisation and coastal/non-coastal area,A,Annual,TOTAL,Total,CST_A,Coastal areas,I551-I553,"Hotels; holiday and other short-stay accommodation; camping grounds, recreational vehicle parks and trailer parks",NR,Number,DE,Germany,2012,,60749736,,,,,
dataflow,ESTAT:TOUR_OCC_NINATDC(1.0),Nights spent at tourist accommodation establishments by degree of urbanisation and coastal/non-coastal area,A,Annual,TOTAL,Total,CST_A,Coastal areas,I551-I553,"Hotels; holiday and other short-stay accommodation; camping grounds, recreational vehicle parks and trailer parks",NR,Number,DE,Germany,2013,,61978647,,,,,
dataflow,ESTAT:TOUR_OCC_NINATDC(1.0),Nights spent at tourist accommodation establishments by degree of urbanisation and coastal/non-coastal area,A,Annual,TOTAL,Total,CST_A,Coastal areas,I551-I553,"Hotels; holiday and other short-stay accommodation; camping grounds, recreational vehicle parks and trailer parks",NR,Number,DE,Germany,2014,,64408483,,,,,
dataflow,ESTAT:TOUR_OCC_NINATDC(1.0),Nights spent at tourist accommodation establishments by degree of urbanisation and coastal/non-coastal area,A,Annual,TOTAL,Total,CST_A,Coastal areas,I551-I553,"Hotels; holiday and other short-stay accommodation; camping grounds, recreational vehicle parks and trailer parks",NR,Number,DE,Germany,2015,,66960061,,,,,
dataflow,ESTAT:TOUR_OCC_NINATDC(1.0),Nights spent at tourist accommodation establishments by degree of urbanisation and coastal/non-coastal area,A,Annual,TOTAL,Total,CST_A,Coastal areas,I551-I553,"Hotels; holiday and other short-stay accommodation; camping grounds, recreational vehicle parks and trailer parks",NR,Number,DE,Germany,2016,,70180206,,,,,
dataflow,ESTAT:TOUR_OCC_NINATDC(1.0),Nights spent at tourist accommodation establishments by degree of urbanisation and coastal/non-coastal area,A,Annual,TOTAL,Total,CST_A,Coastal areas,I551-I553,"Hotels; holiday and other short-stay accommodation; camping grounds, recreational vehicle parks and trailer parks",NR,Number,DE,Germany,2017,,71958743,,,,,
dataflow,ESTAT:TOUR_OCC_NINATDC(1.0),Nights spent at tourist accommodation establishments by degree of urbanisation and coastal/non-coastal area,A,Annual,TOTAL,Total,CST_A,Coastal areas,I551-I553,"Hotels; holiday and other short-stay accommodation; camping grounds, recreational vehicle parks and trailer parks",NR,Number,DE,Germany,2018,,78474358,,,,,
dataflow,ESTAT:TOUR_OCC_NINATDC(1.0),Nights spent at tourist accommodation establishments by degree of urbanisation and coastal/non-coastal area,A,Annual,TOTAL,Total,CST_A,Coastal areas,I551-I553,"Hotels; holiday and other short-stay accommodation; camping grounds, recreational vehicle parks and trailer parks",NR,Number,DE,Germany,2019,,84300368,,,,,
dataflow,ESTAT:TOUR_OCC_NINATDC(1.0),Nights spent at tourist accommodation establishments by degree of urbanisation and coastal/non-coastal area,A,Annual,TOTAL,Total,CST_A,Coastal areas,I551-I553,"Hotels; holiday and other short-stay accommodation; camping grounds, recreational vehicle parks and trailer parks",NR,Number,DE,Germany,2020,,60227948,,,,,
dataflow,ESTAT:TOUR_OCC_NINATDC(1.0),Nights spent at tourist accommodation establishments by degree of urbanisation and coastal/non-coastal area,A,Annual,TOTAL,Total,CST_A,Coastal areas,I551-I553,"Hotels; holiday and other short-stay accommodation; camping grounds, recreational vehicle parks and trailer parks",NR,Number,DE,Germany,2021,,62667889,,,,,
dataflow,ESTAT:TOUR_OCC_NINATDC(1.0),Nights spent at tourist accommodation establishments by degree of urbanisation and coastal/non-coastal area,A,Annual,TOTAL,Total,CST_A,Coastal areas,I551-I553,"Hotels; holiday and other short-stay accommodation; camping grounds, recreational vehicle parks and trailer parks",NR,Number,DE,Germany,2022,,80399034,,,,,
dataflow,ESTAT:TOUR_OCC_NINATDC(1.0),Nights spent at tourist accommodation establishments by degree of urbanisation and coastal/non-coastal area,A,Annual,TOTAL,Total,CST_A,Coastal areas,I551-I553,"Hotels; holiday and other short-stay accommodation; camping grounds, recreational vehicle parks and trailer parks",NR,Number,DE,Germany,2023,,81565150,,,,,
dataflow,ESTAT:TOUR_OCC_NINATDC(1.0),Nights spent at tourist accommodation establishments by degree of urbanisation and coastal/non-coastal area,A,Annual,TOTAL,Total,CST_A,Coastal areas,I551-I553,"Hotels; holiday and other short-stay accommodation; camping grounds, recreational vehicle parks and trailer parks",NR,Number,DE,Germany,2024,,85296166,,,,,
dataflow,ESTAT:TOUR_OCC_NINATDC(1.0),Nights spent at tourist accommodation establishments by degree of urbanisation and coastal/non-coastal area,A,Annual,TOTAL,Total,CST_A,Coastal areas,I551-I553,"Hotels; holiday and other short-stay accommodation; camping grounds, recreational vehicle parks and trailer parks",NR,Number,DK,Denmark,2012,,25463303,,,,,
dataflow,ESTAT:TOUR_OCC_NINATDC(1.0),Nights spent at tourist accommodation establishments by degree of urbanisation and coastal/non-coastal area,A,Annual,TOTAL,Total,CST_A,Coastal areas,I551-I553,"Hotels; holiday and other short-stay accommodation; camping grounds, recreational vehicle parks and trailer parks",NR,Number,DK,Denmark,2013,,25903745,,,,,
dataflow,ESTAT:TOUR_OCC_NINATDC(1.0),Nights spent at tourist accommodation establishments by degree of urbanisation and coastal/non-coastal area,A,Annual,TOTAL,Total,CST_A,Coastal areas,I551-I553,"Hotels; holiday and other short-stay accommodation; camping grounds, recreational vehicle parks and trailer parks",NR,Number,DK,Denmark,2014,,27027381,,,,,
dataflow,ESTAT:TOUR_OCC_NINATDC(1.0),Nights spent at tourist accommodation establishments by degree of urbanisation and coastal/non-coastal area,A,Annual,TOTAL,Total,CST_A,Coastal areas,I551-I553,"Hotels; holiday and other short-stay accommodation; camping grounds, recreational vehicle parks and trailer parks",NR,Number,DK,Denmark,2015,,28076340,,,,,
dataflow,ESTAT:TOUR_OCC_NINATDC(1.0),Nights spent at tourist accommodation establishments by degree of urbanisation and coastal/non-coastal area,A,Annual,TOTAL,Total,CST_A,Coastal areas,I551-I553,"Hotels; holiday and other short-stay accommodation; camping grounds, recreational vehicle parks and trailer parks",NR,Number,DK,Denmark,2016,,29085410,,,,,
dataflow,ESTAT:TOUR_OCC_NINATDC(1.0),Nights spent at tourist accommodation establishments by degree of urbanisation and coastal/non-coastal area,A,Annual,TOTAL,Total,CST_A,Coastal areas,I551-I553,"Hotels; holiday and other short-stay accommodation; camping grounds, recreational vehicle parks and trailer parks",NR,Number,DK,Denmark,2017,,29266628,,,,,
dataflow,ESTAT:TOUR_OCC_NINATDC(1.0),Nights spent at tourist accommodation establishments by degree of urbanisation and coastal/non-coastal area,A,Annual,TOTAL,Total,CST_A,Coastal areas,I551-I553,"Hotels; holiday and other short-stay accommodation; camping grounds, recreational vehicle parks and trailer parks",NR,Number,DK,Denmark,2018,,30396126,,,,,
dataflow,ESTAT:TOUR_OCC_NINATDC(1.0),Nights spent at tourist accommodation establishments by degree of urbanisation and coastal/non-coastal area,A,Annual,TOTAL,Total,CST_A,Coastal areas,I551-I553,"Hotels; holiday and other short-stay accommodation; camping grounds, recreational vehicle parks and trailer parks",NR,Number,DK,Denmark,2019,,31339817,,,,,
dataflow,ESTAT:TOUR_OCC_NINATDC(1.0),Nights spent at tourist accommodation establishments by degree of urbanisation and coastal/non-coastal area,A,Annual,TOTAL,Total,CST_A,Coastal areas,I551-I553,"Hotels; holiday and other short-stay accommodation; camping grounds, recreational vehicle parks and trailer parks",NR,Number,DK,Denmark,2020,,21771215,,,,,
dataflow,ESTAT:TOUR_OCC_NINATDC(1.0),Nights spent at tourist accommodation establishments by degree of urbanisation and coastal/non-coastal area,A,Annual,TOTAL,Total,CST_A,Coastal areas,I551-I553,"Hotels; holiday and other short-stay accommodation; camping grounds, recreational vehicle parks and trailer parks",NR,Number,DK,Denmark,2021,,26308296,,,,,
dataflow,ESTAT:TOUR_OCC_NINATDC(1.0),Nights spent at tourist accommodation establishments by degree of urbanisation and coastal/non-coastal area,A,Annual,TOTAL,Total,CST_A,Coastal areas,I551-I553,"Hotels; holiday and other short-stay accommodation; camping grounds, recreational vehicle parks and trailer parks",NR,Number,DK,Denmark,2022,,35170285,,,,,
dataflow,ESTAT:TOUR_OCC_NINATDC(1.0),Nights spent at tourist accommodation establishments by degree of urbanisation and coastal/non-coastal area,A,Annual,TOTAL,Total,CST_A,Coastal areas,I551-I553,"Hotels; holiday and other short-stay accommodation; camping grounds, recreational vehicle parks and trailer parks",NR,Number,DK,Denmark,2023,,35701307,,,,,
dataflow,ESTAT:TOUR_OCC_NINATDC(1.0),Nights spent at tourist accommodation establishments by degree of urbanisation and coastal/non-coastal area,A,Annual,TOTAL,Total,CST_A,Coastal areas,I551-I553,"Hotels; holiday and other short-stay accommodation; camping grounds, recreational vehicle parks and trailer parks",NR,Number,DK,Denmark,2024,,36503865,,,,,
dataflow,ESTAT:TOUR_OCC_NINATDC(1.0),Nights spent at tourist accommodation establishments by degree of urbanisation and coastal/non-coastal area,A,Annual,TOTAL,Total,CST_A,Coastal areas,I551-I553,"Hotels; holiday and other short-stay accommodation; camping grounds, recreational vehicle parks and trailer parks",NR,Number,EE,Estonia,2012,,4396921,,,,,
dataflow,ESTAT:TOUR_OCC_NINATDC(1.0),Nights spent at tourist accommodation establishments by degree of urbanisation and coastal/non-coastal area,A,Annual,TOTAL,Total,CST_A,Coastal areas,I551-I553,"Hotels; holiday and other short-stay accommodation; camping grounds, recreational vehicle parks and trailer parks",NR,Number,EE,Estonia,2013,,4512256,,,,,
dataflow,ESTAT:TOUR_OCC_NINATDC(1.0),Nights spent at tourist accommodation establishments by degree of urbanisation and coastal/non-coastal area,A,Annual,TOTAL,Total,CST_A,Coastal areas,I551-I553,"Hotels; holiday and other short-stay accommodation; camping grounds, recreational vehicle parks and trailer parks",NR,Number,EE,Estonia,2014,,4584215,,,,,
dataflow,ESTAT:TOUR_OCC_NINATDC(1.0),Nights spent at tourist accommodation establishments by degree of urbanisation and coastal/non-coastal area,A,Annual,TOTAL,Total,CST_A,Coastal areas,I551-I553,"Hotels; holiday and other short-stay accommodation; camping grounds, recreational vehicle parks and trailer parks",NR,Number,EE,Estonia,2015,,4555031,,,,,
dataflow,ESTAT:TOUR_OCC_NINATDC(1.0),Nights spent at tourist accommodation establishments by degree of urbanisation and coastal/non-coastal area,A,Annual,TOTAL,Total,CST_A,Coastal areas,I551-I553,"Hotels; holiday and other short-stay accommodation; camping grounds, recreational vehicle parks and trailer parks",NR,Number,EE,Estonia,2016,,4894564,,,,,
dataflow,ESTAT:TOUR_OCC_NINATDC(1.0),Nights spent at tourist accommodation establishments by degree of urbanisation and coastal/non-coastal area,A,Annual,TOTAL,Total,CST_A,Coastal areas,I551-I553,"Hotels; holiday and other short-stay accommodation; camping grounds, recreational vehicle parks and trailer parks",NR,Number,EE,Estonia,2017,,5053369,,,,,
dataflow,ESTAT:TOUR_OCC_NINATDC(1.0),Nights spent at tourist accommodation establishments by degree of urbanisation and coastal/non-coastal area,A,Annual,TOTAL,Total,CST_A,Coastal areas,I551-I553,"Hotels; holiday and other short-stay accommodation; camping grounds, recreational vehicle parks and trailer parks",NR,Number,EE,Estonia,2018,,5146135,,,,,
dataflow,ESTAT:TOUR_OCC_NINATDC(1.0),Nights spent at tourist accommodation establishments by degree of urbanisation and coastal/non-coastal area,A,Annual,TOTAL,Total,CST_A,Coastal areas,I551-I553,"Hotels; holiday and other short-stay accommodation; camping grounds, recreational vehicle parks and trailer parks",NR,Number,EE,Estonia,2019,,5407505,,,,,
dataflow,ESTAT:TOUR_OCC_NINATDC(1.0),Nights spent at tourist accommodation establishments by degree of urbanisation and coastal/non-coastal area,A,Annual,TOTAL,Total,CST_A,Coastal areas,I551-I553,"Hotels; holiday and other short-stay accommodation; camping grounds, recreational vehicle parks and trailer parks",NR,Number,EE,Estonia,2020,,2590184,,,,,
dataflow,ESTAT:TOUR_OCC_NINATDC(1.0),Nights spent at tourist accommodation establishments by degree of urbanisation and coastal/non-coastal area,A,Annual,TOTAL,Total,CST_A,Coastal areas,I551-I553,"Hotels; holiday and other short-stay accommodation; camping grounds, recreational vehicle parks and trailer parks",NR,Number,EE,Estonia,2021,,2781841,,,,,
dataflow,ESTAT:TOUR_OCC_NINATDC(1.0),Nights spent at tourist accommodation establishments by degree of urbanisation and coastal/non-coastal area,A,Annual,TOTAL,Total,CST_A,Coastal areas,I551-I553,"Hotels; holiday and other short-stay accommodation; camping grounds, recreational vehicle parks and trailer parks",NR,Number,EE,Estonia,2022,,4478925,,,,,
dataflow,ESTAT:TOUR_OCC_NINATDC(1.0),Nights spent at tourist accommodation establishments by degree of urbanisation and coastal/non-coastal area,A,Annual,TOTAL,Total,CST_A,Coastal areas,I551-I553,"Hotels; holiday and other short-stay accommodation; camping grounds, recreational vehicle parks and trailer parks",NR,Number,EE,Estonia,2023,,4903860,,,,,
dataflow,ESTAT:TOUR_OCC_NINATDC(1.0),Nights spent at tourist accommodation establishments by degree of urbanisation and coastal/non-coastal area,A,Annual,TOTAL,Total,CST_A,Coastal areas,I551-I553,"Hotels; holiday and other short-stay accommodation; camping grounds, recreational vehicle parks and trailer parks",NR,Number,EE,Estonia,2024,,5186448,,,,,
dataflow,ESTAT:TOUR_OCC_NINATDC(1.0),Nights spent at tourist accommodation establishments by degree of urbanisation and coastal/non-coastal area,A,Annual,TOTAL,Total,CST_A,Coastal areas,I551-I553,"Hotels; holiday and other short-stay accommodation; camping grounds, recreational vehicle parks and trailer parks",NR,Number,EL,Greece,2012,,76599740,,,,,
dataflow,ESTAT:TOUR_OCC_NINATDC(1.0),Nights spent at tourist accommodation establishments by degree of urbanisation and coastal/non-coastal area,A,Annual,TOTAL,Total,CST_A,Coastal areas,I551-I553,"Hotels; holiday and other short-stay accommodation; camping grounds, recreational vehicle parks and trailer parks",NR,Number,EL,Greece,2013,,85040610,,,,,
dataflow,ESTAT:TOUR_OCC_NINATDC(1.0),Nights spent at tourist accommodation establishments by degree of urbanisation and coastal/non-coastal area,A,Annual,TOTAL,Total,CST_A,Coastal areas,I551-I553,"Hotels; holiday and other short-stay accommodation; camping grounds, recreational vehicle parks and trailer parks",NR,Number,EL,Greece,2014,,96052779,,,,,
dataflow,ESTAT:TOUR_OCC_NINATDC(1.0),Nights spent at tourist accommodation establishments by degree of urbanisation and coastal/non-coastal area,A,Annual,TOTAL,Total,CST_A,Coastal areas,I551-I553,"Hotels; holiday and other short-stay accommodation; camping grounds, recreational vehicle parks and trailer parks",NR,Number,EL,Greece,2015,,101455892,,,,,
dataflow,ESTAT:TOUR_OCC_NINATDC(1.0),Nights spent at tourist accommodation establishments by degree of urbanisation and coastal/non-coastal area,A,Annual,TOTAL,Total,CST_A,Coastal areas,I551-I553,"Hotels; holiday and other short-stay accommodation; camping grounds, recreational vehicle parks and trailer parks",NR,Number,EL,Greece,2016,,105362454,,,,,
dataflow,ESTAT:TOUR_OCC_NINATDC(1.0),Nights spent at tourist accommodation establishments by degree of urbanisation and coastal/non-coastal area,A,Annual,TOTAL,Total,CST_A,Coastal areas,I551-I553,"Hotels; holiday and other short-stay accommodation; camping grounds, recreational vehicle parks and trailer parks",NR,Number,EL,Greece,2017,,113779052,,,,,
dataflow,ESTAT:TOUR_OCC_NINATDC(1.0),Nights spent at tourist accommodation establishments by degree of urbanisation and coastal/non-coastal area,A,Annual,TOTAL,Total,CST_A,Coastal areas,I551-I553,"Hotels; holiday and other short-stay accommodation; camping grounds, recreational vehicle parks and trailer parks",NR,Number,EL,Greece,2018,,136934459,,,,,
dataflow,ESTAT:TOUR_OCC_NINATDC(1.0),Nights spent at tourist accommodation establishments by degree of urbanisation and coastal/non-coastal area,A,Annual,TOTAL,Total,CST_A,Coastal areas,I551-I553,"Hotels; holiday and other short-stay accommodation; camping grounds, recreational vehicle parks and trailer parks",NR,Number,EL,Greece,2019,,137483702,,,,,
dataflow,ESTAT:TOUR_OCC_NINATDC(1.0),Nights spent at tourist accommodation establishments by degree of urbanisation and coastal/non-coastal area,A,Annual,TOTAL,Total,CST_A,Coastal areas,I551-I553,"Hotels; holiday and other short-stay accommodation; camping grounds, recreational vehicle parks and trailer parks",NR,Number,EL,Greece,2020,,36379160,,,,,
dataflow,ESTAT:TOUR_OCC_NINATDC(1.0),Nights spent at tourist accommodation establishments by degree of urbanisation and coastal/non-coastal area,A,Annual,TOTAL,Total,CST_A,Coastal areas,I551-I553,"Hotels; holiday and other short-stay accommodation; camping grounds, recreational vehicle parks and trailer parks",NR,Number,EL,Greece,2021,,71083676,,,,,
dataflow,ESTAT:TOUR_OCC_NINATDC(1.0),Nights spent at tourist accommodation establishments by degree of urbanisation and coastal/non-coastal area,A,Annual,TOTAL,Total,CST_A,Coastal areas,I551-I553,"Hotels; holiday and other short-stay accommodation; camping grounds, recreational vehicle parks and trailer parks",NR,Number,EL,Greece,2022,,127323005,,,,,
dataflow,ESTAT:TOUR_OCC_NINATDC(1.0),Nights spent at tourist accommodation establishments by degree of urbanisation and coastal/non-coastal area,A,Annual,TOTAL,Total,CST_A,Coastal areas,I551-I553,"Hotels; holiday and other short-stay accommodation; camping grounds, recreational vehicle parks and trailer parks",NR,Number,EL,Greece,2023,,141049901,,,,,
dataflow,ESTAT:TOUR_OCC_NINATDC(1.0),Nights spent at tourist accommodation establishments by degree of urbanisation and coastal/non-coastal area,A,Annual,TOTAL,Total,CST_A,Coastal areas,I551-I553,"Hotels; holiday and other short-stay accommodation; camping grounds, recreational vehicle parks and trailer parks",NR,Number,EL,Greece,2024,,146671200,,,,,
dataflow,ESTAT:TOUR_OCC_NINATDC(1.0),Nights spent at tourist accommodation establishments by degree of urbanisation and coastal/non-coastal area,A,Annual,TOTAL,Total,CST_A,Coastal areas,I551-I553,"Hotels; holiday and other short-stay accommodation; camping grounds, recreational vehicle parks and trailer parks",NR,Number,ES,Spain,2012,,303005138,,,,,
dataflow,ESTAT:TOUR_OCC_NINATDC(1.0),Nights spent at tourist accommodation establishments by degree of urbanisation and coastal/non-coastal area,A,Annual,TOTAL,Total,CST_A,Coastal areas,I551-I553,"Hotels; holiday and other short-stay accommodation; camping grounds, recreational vehicle parks and trailer parks",NR,Number,ES,Spain,2013,,310029676,,,,,
dataflow,ESTAT:TOUR_OCC_NINATDC(1.0),Nights spent at tourist accommodation establishments by degree of urbanisation and coastal/non-coastal area,A,Annual,TOTAL,Total,CST_A,Coastal areas,I551-I553,"Hotels; holiday and other short-stay accommodation; camping grounds, recreational vehicle parks and trailer parks",NR,Number,ES,Spain,2014,,317915758,,,,,
dataflow,ESTAT:TOUR_OCC_NINATDC(1.0),Nights spent at tourist accommodation establishments by degree of urbanisation and coastal/non-coastal area,A,Annual,TOTAL,Total,CST_A,Coastal areas,I551-I553,"Hotels; holiday and other short-stay accommodation; camping grounds, recreational vehicle parks and trailer parks",NR,Number,ES,Spain,2015,,328697929,,,,,
dataflow,ESTAT:TOUR_OCC_NINATDC(1.0),Nights spent at tourist accommodation establishments by degree of urbanisation and coastal/non-coastal area,A,Annual,TOTAL,Total,CST_A,Coastal areas,I551-I553,"Hotels; holiday and other short-stay accommodation; camping grounds, recreational vehicle parks and trailer parks",NR,Number,ES,Spain,2016,,354247335,,,,,
dataflow,ESTAT:TOUR_OCC_NINATDC(1.0),Nights spent at tourist accommodation establishments by degree of urbanisation and coastal/non-coastal area,A,Annual,TOTAL,Total,CST_A,Coastal areas,I551-I553,"Hotels; holiday and other short-stay accommodation; camping grounds, recreational vehicle parks and trailer parks",NR,Number,ES,Spain,2017,,365084742,,,,,
dataflow,ESTAT:TOUR_OCC_NINATDC(1.0),Nights spent at tourist accommodation establishments by degree of urbanisation and coastal/non-coastal area,A,Annual,TOTAL,Total,CST_A,Coastal areas,I551-I553,"Hotels; holiday and other short-stay accommodation; camping grounds, recreational vehicle parks and trailer parks",NR,Number,ES,Spain,2018,,358344177,,,,,
dataflow,ESTAT:TOUR_OCC_NINATDC(1.0),Nights spent at tourist accommodation establishments by degree of urbanisation and coastal/non-coastal area,A,Annual,TOTAL,Total,CST_A,Coastal areas,I551-I553,"Hotels; holiday and other short-stay accommodation; camping grounds, recreational vehicle parks and trailer parks",NR,Number,ES,Spain,2019,,356247921,,,,,
dataflow,ESTAT:TOUR_OCC_NINATDC(1.0),Nights spent at tourist accommodation establishments by degree of urbanisation and coastal/non-coastal area,A,Annual,TOTAL,Total,CST_A,Coastal areas,I551-I553,"Hotels; holiday and other short-stay accommodation; camping grounds, recreational vehicle parks and trailer parks",NR,Number,ES,Spain,2020,,98763855,,,,,
dataflow,ESTAT:TOUR_OCC_NINATDC(1.0),Nights spent at tourist accommodation establishments by degree of urbanisation and coastal/non-coastal area,A,Annual,TOTAL,Total,CST_A,Coastal areas,I551-I553,"Hotels; holiday and other short-stay accommodation; camping grounds, recreational vehicle parks and trailer parks",NR,Number,ES,Spain,2021,,185370019,,,,,
dataflow,ESTAT:TOUR_OCC_NINATDC(1.0),Nights spent at tourist accommodation establishments by degree of urbanisation and coastal/non-coastal area,A,Annual,TOTAL,Total,CST_A,Coastal areas,I551-I553,"Hotels; holiday and other short-stay accommodation; camping grounds, recreational vehicle parks and trailer parks",NR,Number,ES,Spain,2022,,339254985,,,,,
dataflow,ESTAT:TOUR_OCC_NINATDC(1.0),Nights spent at tourist accommodation establishments by degree of urbanisation and coastal/non-coastal area,A,Annual,TOTAL,Total,CST_A,Coastal areas,I551-I553,"Hotels; holiday and other short-stay accommodation; camping grounds, recreational vehicle parks and trailer parks",NR,Number,ES,Spain,2023,,363035830,,,,,
dataflow,ESTAT:TOUR_OCC_NINATDC(1.0),Nights spent at tourist accommodation establishments by degree of urbanisation and coastal/non-coastal area,A,Annual,TOTAL,Total,CST_A,Coastal areas,I551-I553,"Hotels; holiday and other short-stay accommodation; camping grounds, recreational vehicle parks and trailer parks",NR,Number,ES,Spain,2024,,379135383,,,,,
dataflow,ESTAT:TOUR_OCC_NINATDC(1.0),Nights spent at tourist accommodation establishments by degree of urbanisation and coastal/non-coastal area,A,Annual,TOTAL,Total,CST_A,Coastal areas,I551-I553,"Hotels; holiday and other short-stay accommodation; camping grounds, recreational vehicle parks and trailer parks",NR,Number,FI,Finland,2012,,7788601,,,,,
dataflow,ESTAT:TOUR_OCC_NINATDC(1.0),Nights spent at tourist accommodation establishments by degree of urbanisation and coastal/non-coastal area,A,Annual,TOTAL,Total,CST_A,Coastal areas,I551-I553,"Hotels; holiday and other short-stay accommodation; camping grounds, recreational vehicle parks and trailer parks",NR,Number,FI,Finland,2013,,7613322,,,,,
dataflow,ESTAT:TOUR_OCC_NINATDC(1.0),Nights spent at tourist accommodation establishments by degree of urbanisation and coastal/non-coastal area,A,Annual,TOTAL,Total,CST_A,Coastal areas,I551-I553,"Hotels; holiday and other short-stay accommodation; camping grounds, recreational vehicle parks and trailer parks",NR,Number,FI,Finland,2014,,7608413,,,,,
dataflow,ESTAT:TOUR_OCC_NINATDC(1.0),Nights spent at tourist accommodation establishments by degree of urbanisation and coastal/non-coastal area,A,Annual,TOTAL,Total,CST_A,Coastal areas,I551-I553,"Hotels; holiday and other short-stay accommodation; camping grounds, recreational vehicle parks and trailer parks",NR,Number,FI,Finland,2015,,7784103,,,,,
dataflow,ESTAT:TOUR_OCC_NINATDC(1.0),Nights spent at tourist accommodation establishments by degree of urbanisation and coastal/non-coastal area,A,Annual,TOTAL,Total,CST_A,Coastal areas,I551-I553,"Hotels; holiday and other short-stay accommodation; camping grounds, recreational vehicle parks and trailer parks",NR,Number,FI,Finland,2016,,7813239,,,,,
dataflow,ESTAT:TOUR_OCC_NINATDC(1.0),Nights spent at tourist accommodation establishments by degree of urbanisation and coastal/non-coastal area,A,Annual,TOTAL,Total,CST_A,Coastal areas,I551-I553,"Hotels; holiday and other short-stay accommodation; camping grounds, recreational vehicle parks and trailer parks",NR,Number,FI,Finland,2017,,8747752,,,,,
dataflow,ESTAT:TOUR_OCC_NINATDC(1.0),Nights spent at tourist accommodation establishments by degree of urbanisation and coastal/non-coastal area,A,Annual,TOTAL,Total,CST_A,Coastal areas,I551-I553,"Hotels; holiday and other short-stay accommodation; camping grounds, recreational vehicle parks and trailer parks",NR,Number,FI,Finland,2018,,8751880,,,,,
dataflow,ESTAT:TOUR_OCC_NINATDC(1.0),Nights spent at tourist accommodation establishments by degree of urbanisation and coastal/non-coastal area,A,Annual,TOTAL,Total,CST_A,Coastal areas,I551-I553,"Hotels; holiday and other short-stay accommodation; camping grounds, recreational vehicle parks and trailer parks",NR,Number,FI,Finland,2019,,9158833,,,,,
dataflow,ESTAT:TOUR_OCC_NINATDC(1.0),Nights spent at tourist accommodation establishments by degree of urbanisation and coastal/non-coastal area,A,Annual,TOTAL,Total,CST_A,Coastal areas,I551-I553,"Hotels; holiday and other short-stay accommodation; camping grounds, recreational vehicle parks and trailer parks",NR,Number,FI,Finland,2020,,4823197,,,,,
dataflow,ESTAT:TOUR_OCC_NINATDC(1.0),Nights spent at tourist accommodation establishments by degree of urbanisation and coastal/non-coastal area,A,Annual,TOTAL,Total,CST_A,Coastal areas,I551-I553,"Hotels; holiday and other short-stay accommodation; camping grounds, recreational vehicle parks and trailer parks",NR,Number,FI,Finland,2021,,6102740,,,,,
dataflow,ESTAT:TOUR_OCC_NINATDC(1.0),Nights spent at tourist accommodation establishments by degree of urbanisation and coastal/non-coastal area,A,Annual,TOTAL,Total,CST_A,Coastal areas,I551-I553,"Hotels; holiday and other short-stay accommodation; camping grounds, recreational vehicle parks and trailer parks",NR,Number,FI,Finland,2022,,8495450,,,,,
dataflow,ESTAT:TOUR_OCC_NINATDC(1.0),Nights spent at tourist accommodation establishments by degree of urbanisation and coastal/non-coastal area,A,Annual,TOTAL,Total,CST_A,Coastal areas,I551-I553,"Hotels; holiday and other short-stay accommodation; camping grounds, recreational vehicle parks and trailer parks",NR,Number,FI,Finland,2023,,8921508,,,,,
dataflow,ESTAT:TOUR_OCC_NINATDC(1.0),Nights spent at tourist accommodation establishments by degree of urbanisation and coastal/non-coastal area,A,Annual,TOTAL,Total,CST_A,Coastal areas,I551-I553,"Hotels; holiday and other short-stay accommodation; camping grounds, recreational vehicle parks and trailer parks",NR,Number,FI,Finland,2024,,9289880,,,,,
dataflow,ESTAT:TOUR_OCC_NINATDC(1.0),Nights spent at tourist accommodation establishments by degree of urbanisation and coastal/non-coastal area,A,Annual,TOTAL,Total,CST_A,Coastal areas,I551-I553,"Hotels; holiday and other short-stay accommodation; camping grounds, recreational vehicle parks and trailer parks",NR,Number,FR,France,2012,,131765215,,,,,
dataflow,ESTAT:TOUR_OCC_NINATDC(1.0),Nights spent at tourist accommodation establishments by degree of urbanisation and coastal/non-coastal area,A,Annual,TOTAL,Total,CST_A,Coastal areas,I551-I553,"Hotels; holiday and other short-stay accommodation; camping grounds, recreational vehicle parks and trailer parks",NR,Number,FR,France,2013,,139076596,,,,,
dataflow,ESTAT:TOUR_OCC_NINATDC(1.0),Nights spent at tourist accommodation establishments by degree of urbanisation and coastal/non-coastal area,A,Annual,TOTAL,Total,CST_A,Coastal areas,I551-I553,"Hotels; holiday and other short-stay accommodation; camping grounds, recreational vehicle parks and trailer parks",NR,Number,FR,France,2014,,137106376,,,,,
dataflow,ESTAT:TOUR_OCC_NINATDC(1.0),Nights spent at tourist accommodation establishments by degree of urbanisation and coastal/non-coastal area,A,Annual,TOTAL,Total,CST_A,Coastal areas,I551-I553,"Hotels; holiday and other short-stay accommodation; camping grounds, recreational vehicle parks and trailer parks",NR,Number,FR,France,2015,,141504608,,,,,
dataflow,ESTAT:TOUR_OCC_NINATDC(1.0),Nights spent at tourist accommodation establishments by degree of urbanisation and coastal/non-coastal area,A,Annual,TOTAL,Total,CST_A,Coastal areas,I551-I553,"Hotels; holiday and other short-stay accommodation; camping grounds, recreational vehicle parks and trailer parks",NR,Number,FR,France,2016,,138120111,,,,,
dataflow,ESTAT:TOUR_OCC_NINATDC(1.0),Nights spent at tourist accommodation establishments by degree of urbanisation and coastal/non-coastal area,A,Annual,TOTAL,Total,CST_A,Coastal areas,I551-I553,"Hotels; holiday and other short-stay accommodation; camping grounds, recreational vehicle parks and trailer parks",NR,Number,FR,France,2017,,149143107,,,,,
dataflow,ESTAT:TOUR_OCC_NINATDC(1.0),Nights spent at tourist accommodation establishments by degree of urbanisation and coastal/non-coastal area,A,Annual,TOTAL,Total,CST_A,Coastal areas,I551-I553,"Hotels; holiday and other short-stay accommodation; camping grounds, recreational vehicle parks and trailer parks",NR,Number,FR,France,2018,,150915190,,,,,
dataflow,ESTAT:TOUR_OCC_NINATDC(1.0),Nights spent at tourist accommodation establishments by degree of urbanisation and coastal/non-coastal area,A,Annual,TOTAL,Total,CST_A,Coastal areas,I551-I553,"Hotels; holiday and other short-stay accommodation; camping grounds, recreational vehicle parks and trailer parks",NR,Number,FR,France,2019,,153527498,,,,,
dataflow,ESTAT:TOUR_OCC_NINATDC(1.0),Nights spent at tourist accommodation establishments by degree of urbanisation and coastal/non-coastal area,A,Annual,TOTAL,Total,CST_A,Coastal areas,I551-I553,"Hotels; holiday and other short-stay accommodation; camping grounds, recreational vehicle parks and trailer parks",NR,Number,FR,France,2020,,99531691,,,,,
dataflow,ESTAT:TOUR_OCC_NINATDC(1.0),Nights spent at tourist accommodation establishments by degree of urbanisation and coastal/non-coastal area,A,Annual,TOTAL,Total,CST_A,Coastal areas,I551-I553,"Hotels; holiday and other short-stay accommodation; camping grounds, recreational vehicle parks and trailer parks",NR,Number,FR,France,2021,,127500420,,,,,
dataflow,ESTAT:TOUR_OCC_NINATDC(1.0),Nights spent at tourist accommodation establishments by degree of urbanisation and coastal/non-coastal area,A,Annual,TOTAL,Total,CST_A,Coastal areas,I551-I553,"Hotels; holiday and other short-stay accommodation; camping grounds, recreational vehicle parks and trailer parks",NR,Number,FR,France,2022,,160688277,,,,,
dataflow,ESTAT:TOUR_OCC_NINATDC(1.0),Nights spent at tourist accommodation establishments by degree of urbanisation and coastal/non-coastal area,A,Annual,TOTAL,Total,CST_A,Coastal areas,I551-I553,"Hotels; holiday and other short-stay accommodation; camping grounds, recreational vehicle parks and trailer parks",NR,Number,FR,France,2023,,163107273,,,,,
dataflow,ESTAT:TOUR_OCC_NINATDC(1.0),Nights spent at tourist accommodation establishments by degree of urbanisation and coastal/non-coastal area,A,Annual,TOTAL,Total,CST_A,Coastal areas,I551-I553,"Hotels; holiday and other short-stay accommodation; camping grounds, recreational vehicle parks and trailer parks",NR,Number,FR,France,2024,,161271994,,,,,
dataflow,ESTAT:TOUR_OCC_NINATDC(1.0),Nights spent at tourist accommodation establishments by degree of urbanisation and coastal/non-coastal area,A,Annual,TOTAL,Total,CST_A,Coastal areas,I551-I553,"Hotels; holiday and other short-stay accommodation; camping grounds, recreational vehicle parks and trailer parks",NR,Number,HR,Croatia,2012,,59097785,,,,,
dataflow,ESTAT:TOUR_OCC_NINATDC(1.0),Nights spent at tourist accommodation establishments by degree of urbanisation and coastal/non-coastal area,A,Annual,TOTAL,Total,CST_A,Coastal areas,I551-I553,"Hotels; holiday and other short-stay accommodation; camping grounds, recreational vehicle parks and trailer parks",NR,Number,HR,Croatia,2013,,60935578,,,,,
dataflow,ESTAT:TOUR_OCC_NINATDC(1.0),Nights spent at tourist accommodation establishments by degree of urbanisation and coastal/non-coastal area,A,Annual,TOTAL,Total,CST_A,Coastal areas,I551-I553,"Hotels; holiday and other short-stay accommodation; camping grounds, recreational vehicle parks and trailer parks",NR,Number,HR,Croatia,2014,,62319476,,,,,
dataflow,ESTAT:TOUR_OCC_NINATDC(1.0),Nights spent at tourist accommodation establishments by degree of urbanisation and coastal/non-coastal area,A,Annual,TOTAL,Total,CST_A,Coastal areas,I551-I553,"Hotels; holiday and other short-stay accommodation; camping grounds, recreational vehicle parks and trailer parks",NR,Number,HR,Croatia,2015,,66898819,,,,,
dataflow,ESTAT:TOUR_OCC_NINATDC(1.0),Nights spent at tourist accommodation establishments by degree of urbanisation and coastal/non-coastal area,A,Annual,TOTAL,Total,CST_A,Coastal areas,I551-I553,"Hotels; holiday and other short-stay accommodation; camping grounds, recreational vehicle parks and trailer parks",NR,Number,HR,Croatia,2016,,72628179,,,,,
dataflow,ESTAT:TOUR_OCC_NINATDC(1.0),Nights spent at tourist accommodation establishments by degree of urbanisation and coastal/non-coastal area,A,Annual,TOTAL,Total,CST_A,Coastal areas,I551-I553,"Hotels; holiday and other short-stay accommodation; camping grounds, recreational vehicle parks and trailer parks",NR,Number,HR,Croatia,2017,,80238418,,,,,
dataflow,ESTAT:TOUR_OCC_NINATDC(1.0),Nights spent at tourist accommodation establishments by degree of urbanisation and coastal/non-coastal area,A,Annual,TOTAL,Total,CST_A,Coastal areas,I551-I553,"Hotels; holiday and other short-stay accommodation; camping grounds, recreational vehicle parks and trailer parks",NR,Number,HR,Croatia,2018,,83106159,,,,,
dataflow,ESTAT:TOUR_OCC_NINATDC(1.0),Nights spent at tourist accommodation establishments by degree of urbanisation and coastal/non-coastal area,A,Annual,TOTAL,Total,CST_A,Coastal areas,I551-I553,"Hotels; holiday and other short-stay accommodation; camping grounds, recreational vehicle parks and trailer parks",NR,Number,HR,Croatia,2019,,84368567,,,,,
dataflow,ESTAT:TOUR_OCC_NINATDC(1.0),Nights spent at tourist accommodation establishments by degree of urbanisation and coastal/non-coastal area,A,Annual,TOTAL,Total,CST_A,Coastal areas,I551-I553,"Hotels; holiday and other short-stay accommodation; camping grounds, recreational vehicle parks and trailer parks",NR,Number,HR,Croatia,2020,,38133665,,,,,
dataflow,ESTAT:TOUR_OCC_NINATDC(1.0),Nights spent at tourist accommodation establishments by degree of urbanisation and coastal/non-coastal area,A,Annual,TOTAL,Total,CST_A,Coastal areas,I551-I553,"Hotels; holiday and other short-stay accommodation; camping grounds, recreational vehicle parks and trailer parks",NR,Number,HR,Croatia,2021,,65747983,,,,,
dataflow,ESTAT:TOUR_OCC_NINATDC(1.0),Nights spent at tourist accommodation establishments by degree of urbanisation and coastal/non-coastal area,A,Annual,TOTAL,Total,CST_A,Coastal areas,I551-I553,"Hotels; holiday and other short-stay accommodation; camping grounds, recreational vehicle parks and trailer parks",NR,Number,HR,Croatia,2022,,83710124,,,,,
dataflow,ESTAT:TOUR_OCC_NINATDC(1.0),Nights spent at tourist accommodation establishments by degree of urbanisation and coastal/non-coastal area,A,Annual,TOTAL,Total,CST_A,Coastal areas,I551-I553,"Hotels; holiday and other short-stay accommodation; camping grounds, recreational vehicle parks and trailer parks",NR,Number,HR,Croatia,2023,,85325187,,,,,
dataflow,ESTAT:TOUR_OCC_NINATDC(1.0),Nights spent at tourist accommodation establishments by degree of urbanisation and coastal/non-coastal area,A,Annual,TOTAL,Total,CST_A,Coastal areas,I551-I553,"Hotels; holiday and other short-stay accommodation; camping grounds, recreational vehicle parks and trailer parks",NR,Number,HR,Croatia,2024,,86389904,,,,,
dataflow,ESTAT:TOUR_OCC_NINATDC(1.0),Nights spent at tourist accommodation establishments by degree of urbanisation and coastal/non-coastal area,A,Annual,TOTAL,Total,CST_A,Coastal areas,I551-I553,"Hotels; holiday and other short-stay accommodation; camping grounds, recreational vehicle parks and trailer parks",NR,Number,HU,Hungary,2012,,0,,,,,
dataflow,ESTAT:TOUR_OCC_NINATDC(1.0),Nights spent at tourist accommodation establishments by degree of urbanisation and coastal/non-coastal area,A,Annual,TOTAL,Total,CST_A,Coastal areas,I551-I553,"Hotels; holiday and other short-stay accommodation; camping grounds, recreational vehicle parks and trailer parks",NR,Number,HU,Hungary,2013,,0,,,,,
dataflow,ESTAT:TOUR_OCC_NINATDC(1.0),Nights spent at tourist accommodation establishments by degree of urbanisation and coastal/non-coastal area,A,Annual,TOTAL,Total,CST_A,Coastal areas,I551-I553,"Hotels; holiday and other short-stay accommodation; camping grounds, recreational vehicle parks and trailer parks",NR,Number,HU,Hungary,2014,,0,,,,,
dataflow,ESTAT:TOUR_OCC_NINATDC(1.0),Nights spent at tourist accommodation establishments by degree of urbanisation and coastal/non-coastal area,A,Annual,TOTAL,Total,CST_A,Coastal areas,I551-I553,"Hotels; holiday and other short-stay accommodation; camping grounds, recreational vehicle parks and trailer parks",NR,Number,HU,Hungary,2015,,0,,,,,
dataflow,ESTAT:TOUR_OCC_NINATDC(1.0),Nights spent at tourist accommodation establishments by degree of urbanisation and coastal/non-coastal area,A,Annual,TOTAL,Total,CST_A,Coastal areas,I551-I553,"Hotels; holiday and other short-stay accommodation; camping grounds, recreational vehicle parks and trailer parks",NR,Number,HU,Hungary,2016,,0,,,,,
dataflow,ESTAT:TOUR_OCC_NINATDC(1.0),Nights spent at tourist accommodation establishments by degree of urbanisation and coastal/non-coastal area,A,Annual,TOTAL,Total,CST_A,Coastal areas,I551-I553,"Hotels; holiday and other short-stay accommodation; camping grounds, recreational vehicle parks and trailer parks",NR,Number,HU,Hungary,2017,,0,,,,,
dataflow,ESTAT:TOUR_OCC_NINATDC(1.0),Nights spent at tourist accommodation establishments by degree of urbanisation and coastal/non-coastal area,A,Annual,TOTAL,Total,CST_A,Coastal areas,I551-I553,"Hotels; holiday and other short-stay accommodation; camping grounds, recreational vehicle parks and trailer parks",NR,Number,HU,Hungary,2018,,0,,,,,
dataflow,ESTAT:TOUR_OCC_NINATDC(1.0),Nights spent at tourist accommodation establishments by degree of urbanisation and coastal/non-coastal area,A,Annual,TOTAL,Total,CST_A,Coastal areas,I551-I553,"Hotels; holiday and other short-stay accommodation; camping grounds, recreational vehicle parks and trailer parks",NR,Number,HU,Hungary,2019,,0,,,,,
dataflow,ESTAT:TOUR_OCC_NINATDC(1.0),Nights spent at tourist accommodation establishments by degree of urbanisation and coastal/non-coastal area,A,Annual,TOTAL,Total,CST_A,Coastal areas,I551-I553,"Hotels; holiday and other short-stay accommodation; camping grounds, recreational vehicle parks and trailer parks",NR,Number,HU,Hungary,2020,,0,,,,,
dataflow,ESTAT:TOUR_OCC_NINATDC(1.0),Nights spent at tourist accommodation establishments by degree of urbanisation and coastal/non-coastal area,A,Annual,TOTAL,Total,CST_A,Coastal areas,I551-I553,"Hotels; holiday and other short-stay accommodation; camping grounds, recreational vehicle parks and trailer parks",NR,Number,HU,Hungary,2021,,0,,,,,
dataflow,ESTAT:TOUR_OCC_NINATDC(1.0),Nights spent at tourist accommodation establishments by degree of urbanisation and coastal/non-coastal area,A,Annual,TOTAL,Total,CST_A,Coastal areas,I551-I553,"Hotels; holiday and other short-stay accommodation; camping grounds, recreational vehicle parks and trailer parks",NR,Number,HU,Hungary,2022,,0,,,,,
dataflow,ESTAT:TOUR_OCC_NINATDC(1.0),Nights spent at tourist accommodation establishments by degree of urbanisation and coastal/non-coastal area,A,Annual,TOTAL,Total,CST_A,Coastal areas,I551-I553,"Hotels; holiday and other short-stay accommodation; camping grounds, recreational vehicle parks and trailer parks",NR,Number,HU,Hungary,2023,,0,,,,,
dataflow,ESTAT:TOUR_OCC_NINATDC(1.0),Nights spent at tourist accommodation establishments by degree of urbanisation and coastal/non-coastal area,A,Annual,TOTAL,Total,CST_A,Coastal areas,I551-I553,"Hotels; holiday and other short-stay accommodation; camping grounds, recreational vehicle parks and trailer parks",NR,Number,HU,Hungary,2024,,0,,,,,
dataflow,ESTAT:TOUR_OCC_NINATDC(1.0),Nights spent at tourist accommodation establishments by degree of urbanisation and coastal/non-coastal area,A,Annual,TOTAL,Total,CST_A,Coastal areas,I551-I553,"Hotels; holiday and other short-stay accommodation; camping grounds, recreational vehicle parks and trailer parks",NR,Number,IE,Ireland,2013,,17795360,,,,,
dataflow,ESTAT:TOUR_OCC_NINATDC(1.0),Nights spent at tourist accommodation establishments by degree of urbanisation and coastal/non-coastal area,A,Annual,TOTAL,Total,CST_A,Coastal areas,I551-I553,"Hotels; holiday and other short-stay accommodation; camping grounds, recreational vehicle parks and trailer parks",NR,Number,IE,Ireland,2014,,18607883,,,,,
dataflow,ESTAT:TOUR_OCC_NINATDC(1.0),Nights spent at tourist accommodation establishments by degree of urbanisation and coastal/non-coastal area,A,Annual,TOTAL,Total,CST_A,Coastal areas,I551-I553,"Hotels; holiday and other short-stay accommodation; camping grounds, recreational vehicle parks and trailer parks",NR,Number,IE,Ireland,2015,,18796654,,,,,
dataflow,ESTAT:TOUR_OCC_NINATDC(1.0),Nights spent at tourist accommodation establishments by degree of urbanisation and coastal/non-coastal area,A,Annual,TOTAL,Total,CST_A,Coastal areas,I551-I553,"Hotels; holiday and other short-stay accommodation; camping grounds, recreational vehicle parks and trailer parks",NR,Number,IE,Ireland,2016,,20204513,,,,,
dataflow,ESTAT:TOUR_OCC_NINATDC(1.0),Nights spent at tourist accommodation establishments by degree of urbanisation and coastal/non-coastal area,A,Annual,TOTAL,Total,CST_A,Coastal areas,I551-I553,"Hotels; holiday and other short-stay accommodation; camping grounds, recreational vehicle parks and trailer parks",NR,Number,IE,Ireland,2018,,21930020,,,,,
dataflow,ESTAT:TOUR_OCC_NINATDC(1.0),Nights spent at tourist accommodation establishments by degree of urbanisation and coastal/non-coastal area,A,Annual,TOTAL,Total,CST_A,Coastal areas,I551-I553,"Hotels; holiday and other short-stay accommodation; camping grounds, recreational vehicle parks and trailer parks",NR,Number,IE,Ireland,2019,,20133546,,,,,
dataflow,ESTAT:TOUR_OCC_NINATDC(1.0),Nights spent at tourist accommodation establishments by degree of urbanisation and coastal/non-coastal area,A,Annual,TOTAL,Total,CST_A,Coastal areas,I551-I553,"Hotels; holiday and other short-stay accommodation; camping grounds, recreational vehicle parks and trailer parks",NR,Number,IE,Ireland,2020,,9761495,,,,,
dataflow,ESTAT:TOUR_OCC_NINATDC(1.0),Nights spent at tourist accommodation establishments by degree of urbanisation and coastal/non-coastal area,A,Annual,TOTAL,Total,CST_A,Coastal areas,I551-I553,"Hotels; holiday and other short-stay accommodation; camping grounds, recreational vehicle parks and trailer parks",NR,Number,IE,Ireland,2021,,8760014,,,,,
dataflow,ESTAT:TOUR_OCC_NINATDC(1.0),Nights spent at tourist accommodation establishments by degree of urbanisation and coastal/non-coastal area,A,Annual,TOTAL,Total,CST_A,Coastal areas,I551-I553,"Hotels; holiday and other short-stay accommodation; camping grounds, recreational vehicle parks and trailer parks",NR,Number,IE,Ireland,2022,,26485395,,,,,
dataflow,ESTAT:TOUR_OCC_NINATDC(1.0),Nights spent at tourist accommodation establishments by degree of urbanisation and coastal/non-coastal area,A,Annual,TOTAL,Total,CST_A,Coastal areas,I551-I553,"Hotels; holiday and other short-stay accommodation; camping grounds, recreational vehicle parks and trailer parks",NR,Number,IE,Ireland,2023,,30227526,,,,,
dataflow,ESTAT:TOUR_OCC_NINATDC(1.0),Nights spent at tourist accommodation establishments by degree of urbanisation and coastal/non-coastal area,A,Annual,TOTAL,Total,CST_A,Coastal areas,I551-I553,"Hotels; holiday and other short-stay accommodation; camping grounds, recreational vehicle parks and trailer parks",NR,Number,IE,Ireland,2024,,31911990,,,,,
dataflow,ESTAT:TOUR_OCC_NINATDC(1.0),Nights spent at tourist accommodation establishments by degree of urbanisation and coastal/non-coastal area,A,Annual,TOTAL,Total,CST_A,Coastal areas,I551-I553,"Hotels; holiday and other short-stay accommodation; camping grounds, recreational vehicle parks and trailer parks",NR,Number,IS,Iceland,2012,,3293567,,,,,
dataflow,ESTAT:TOUR_OCC_NINATDC(1.0),Nights spent at tourist accommodation establishments by degree of urbanisation and coastal/non-coastal area,A,Annual,TOTAL,Total,CST_A,Coastal areas,I551-I553,"Hotels; holiday and other short-stay accommodation; camping grounds, recreational vehicle parks and trailer parks",NR,Number,IS,Iceland,2013,,3781972,,,,,
dataflow,ESTAT:TOUR_OCC_NINATDC(1.0),Nights spent at tourist accommodation establishments by degree of urbanisation and coastal/non-coastal area,A,Annual,TOTAL,Total,CST_A,Coastal areas,I551-I553,"Hotels; holiday and other short-stay accommodation; camping grounds, recreational vehicle parks and trailer parks",NR,Number,IS,Iceland,2014,,4924818,,,,,
dataflow,ESTAT:TOUR_OCC_NINATDC(1.0),Nights spent at tourist accommodation establishments by degree of urbanisation and coastal/non-coastal area,A,Annual,TOTAL,Total,CST_A,Coastal areas,I551-I553,"Hotels; holiday and other short-stay accommodation; camping grounds, recreational vehicle parks and trailer parks",NR,Number,IS,Iceland,2015,,5841200,,,,,
dataflow,ESTAT:TOUR_OCC_NINATDC(1.0),Nights spent at tourist accommodation establishments by degree of urbanisation and coastal/non-coastal area,A,Annual,TOTAL,Total,CST_A,Coastal areas,I551-I553,"Hotels; holiday and other short-stay accommodation; camping grounds, recreational vehicle parks and trailer parks",NR,Number,IS,Iceland,2016,,6878699,,,,,
dataflow,ESTAT:TOUR_OCC_NINATDC(1.0),Nights spent at tourist accommodation establishments by degree of urbanisation and coastal/non-coastal area,A,Annual,TOTAL,Total,CST_A,Coastal areas,I551-I553,"Hotels; holiday and other short-stay accommodation; camping grounds, recreational vehicle parks and trailer parks",NR,Number,IS,Iceland,2019,,7314768,,,,,
dataflow,ESTAT:TOUR_OCC_NINATDC(1.0),Nights spent at tourist accommodation establishments by degree of urbanisation and coastal/non-coastal area,A,Annual,TOTAL,Total,CST_A,Coastal areas,I551-I553,"Hotels; holiday and other short-stay accommodation; camping grounds, recreational vehicle parks and trailer parks",NR,Number,IS,Iceland,2020,,2849639,,,,,
dataflow,ESTAT:TOUR_OCC_NINATDC(1.0),Nights spent at tourist accommodation establishments by degree of urbanisation and coastal/non-coastal area,A,Annual,TOTAL,Total,CST_A,Coastal areas,I551-I553,"Hotels; holiday and other short-stay accommodation; camping grounds, recreational vehicle parks and trailer parks",NR,Number,IS,Iceland,2021,,4320698,,,,,
dataflow,ESTAT:TOUR_OCC_NINATDC(1.0),Nights spent at tourist accommodation establishments by degree of urbanisation and coastal/non-coastal area,A,Annual,TOTAL,Total,CST_A,Coastal areas,I551-I553,"Hotels; holiday and other short-stay accommodation; camping grounds, recreational vehicle parks and trailer parks",NR,Number,IS,Iceland,2022,,8118833,,,,,
dataflow,ESTAT:TOUR_OCC_NINATDC(1.0),Nights spent at tourist accommodation establishments by degree of urbanisation and coastal/non-coastal area,A,Annual,TOTAL,Total,CST_A,Coastal areas,I551-I553,"Hotels; holiday and other short-stay accommodation; camping grounds, recreational vehicle parks and trailer parks",NR,Number,IS,Iceland,2023,,9009432,,,,,
dataflow,ESTAT:TOUR_OCC_NINATDC(1.0),Nights spent at tourist accommodation establishments by degree of urbanisation and coastal/non-coastal area,A,Annual,TOTAL,Total,CST_A,Coastal areas,I551-I553,"Hotels; holiday and other short-stay accommodation; camping grounds, recreational vehicle parks and trailer parks",NR,Number,IT,Italy,2012,,206125047,,,,,
dataflow,ESTAT:TOUR_OCC_NINATDC(1.0),Nights spent at tourist accommodation establishments by degree of urbanisation and coastal/non-coastal area,A,Annual,TOTAL,Total,CST_A,Coastal areas,I551-I553,"Hotels; holiday and other short-stay accommodation; camping grounds, recreational vehicle parks and trailer parks",NR,Number,IT,Italy,2013,,201933136,,,,,
dataflow,ESTAT:TOUR_OCC_NINATDC(1.0),Nights spent at tourist accommodation establishments by degree of urbanisation and coastal/non-coastal area,A,Annual,TOTAL,Total,CST_A,Coastal areas,I551-I553,"Hotels; holiday and other short-stay accommodation; camping grounds, recreational vehicle parks and trailer parks",NR,Number,IT,Italy,2014,,202283796,,,,,
dataflow,ESTAT:TOUR_OCC_NINATDC(1.0),Nights spent at tourist accommodation establishments by degree of urbanisation and coastal/non-coastal area,A,Annual,TOTAL,Total,CST_A,Coastal areas,I551-I553,"Hotels; holiday and other short-stay accommodation; camping grounds, recreational vehicle parks and trailer parks",NR,Number,IT,Italy,2015,,208689906,,,,,
dataflow,ESTAT:TOUR_OCC_NINATDC(1.0),Nights spent at tourist accommodation establishments by degree of urbanisation and coastal/non-coastal area,A,Annual,TOTAL,Total,CST_A,Coastal areas,I551-I553,"Hotels; holiday and other short-stay accommodation; camping grounds, recreational vehicle parks and trailer parks",NR,Number,IT,Italy,2016,,212502896,,,,,
dataflow,ESTAT:TOUR_OCC_NINATDC(1.0),Nights spent at tourist accommodation establishments by degree of urbanisation and coastal/non-coastal area,A,Annual,TOTAL,Total,CST_A,Coastal areas,I551-I553,"Hotels; holiday and other short-stay accommodation; camping grounds, recreational vehicle parks and trailer parks",NR,Number,IT,Italy,2017,,223449255,,,,,
dataflow,ESTAT:TOUR_OCC_NINATDC(1.0),Nights spent at tourist accommodation establishments by degree of urbanisation and coastal/non-coastal area,A,Annual,TOTAL,Total,CST_A,Coastal areas,I551-I553,"Hotels; holiday and other short-stay accommodation; camping grounds, recreational vehicle parks and trailer parks",NR,Number,IT,Italy,2018,,227362286,,,,,
dataflow,ESTAT:TOUR_OCC_NINATDC(1.0),Nights spent at tourist accommodation establishments by degree of urbanisation and coastal/non-coastal area,A,Annual,TOTAL,Total,CST_A,Coastal areas,I551-I553,"Hotels; holiday and other short-stay accommodation; camping grounds, recreational vehicle parks and trailer parks",NR,Number,IT,Italy,2019,,231515993,,,,,
dataflow,ESTAT:TOUR_OCC_NINATDC(1.0),Nights spent at tourist accommodation establishments by degree of urbanisation and coastal/non-coastal area,A,Annual,TOTAL,Total,CST_A,Coastal areas,I551-I553,"Hotels; holiday and other short-stay accommodation; camping grounds, recreational vehicle parks and trailer parks",NR,Number,IT,Italy,2020,,109703509,,,,,
dataflow,ESTAT:TOUR_OCC_NINATDC(1.0),Nights spent at tourist accommodation establishments by degree of urbanisation and coastal/non-coastal area,A,Annual,TOTAL,Total,CST_A,Coastal areas,I551-I553,"Hotels; holiday and other short-stay accommodation; camping grounds, recreational vehicle parks and trailer parks",NR,Number,IT,Italy,2021,,157753560,,,,,
dataflow,ESTAT:TOUR_OCC_NINATDC(1.0),Nights spent at tourist accommodation establishments by degree of urbanisation and coastal/non-coastal area,A,Annual,TOTAL,Total,CST_A,Coastal areas,I551-I553,"Hotels; holiday and other short-stay accommodation; camping grounds, recreational vehicle parks and trailer parks",NR,Number,IT,Italy,2022,,219663563,,,,,
dataflow,ESTAT:TOUR_OCC_NINATDC(1.0),Nights spent at tourist accommodation establishments by degree of urbanisation and coastal/non-coastal area,A,Annual,TOTAL,Total,CST_A,Coastal areas,I551-I553,"Hotels; holiday and other short-stay accommodation; camping grounds, recreational vehicle parks and trailer parks",NR,Number,IT,Italy,2023,,238349773,,,,,
dataflow,ESTAT:TOUR_OCC_NINATDC(1.0),Nights spent at tourist accommodation establishments by degree of urbanisation and coastal/non-coastal area,A,Annual,TOTAL,Total,CST_A,Coastal areas,I551-I553,"Hotels; holiday and other short-stay accommodation; camping grounds, recreational vehicle parks and trailer parks",NR,Number,IT,Italy,2024,,249735631,,,,,
dataflow,ESTAT:TOUR_OCC_NINATDC(1.0),Nights spent at tourist accommodation establishments by degree of urbanisation and coastal/non-coastal area,A,Annual,TOTAL,Total,CST_A,Coastal areas,I551-I553,"Hotels; holiday and other short-stay accommodation; camping grounds, recreational vehicle parks and trailer parks",NR,Number,LI,Liechtenstein,2012,,0,,,,,
dataflow,ESTAT:TOUR_OCC_NINATDC(1.0),Nights spent at tourist accommodation establishments by degree of urbanisation and coastal/non-coastal area,A,Annual,TOTAL,Total,CST_A,Coastal areas,I551-I553,"Hotels; holiday and other short-stay accommodation; camping grounds, recreational vehicle parks and trailer parks",NR,Number,LI,Liechtenstein,2013,,0,,,,,
dataflow,ESTAT:TOUR_OCC_NINATDC(1.0),Nights spent at tourist accommodation establishments by degree of urbanisation and coastal/non-coastal area,A,Annual,TOTAL,Total,CST_A,Coastal areas,I551-I553,"Hotels; holiday and other short-stay accommodation; camping grounds, recreational vehicle parks and trailer parks",NR,Number,LI,Liechtenstein,2014,,0,,,,,
dataflow,ESTAT:TOUR_OCC_NINATDC(1.0),Nights spent at tourist accommodation establishments by degree of urbanisation and coastal/non-coastal area,A,Annual,TOTAL,Total,CST_A,Coastal areas,I551-I553,"Hotels; holiday and other short-stay accommodation; camping grounds, recreational vehicle parks and trailer parks",NR,Number,LI,Liechtenstein,2015,,0,,,,,
dataflow,ESTAT:TOUR_OCC_NINATDC(1.0),Nights spent at tourist accommodation establishments by degree of urbanisation and coastal/non-coastal area,A,Annual,TOTAL,Total,CST_A,Coastal areas,I551-I553,"Hotels; holiday and other short-stay accommodation; camping grounds, recreational vehicle parks and trailer parks",NR,Number,LI,Liechtenstein,2016,,0,,,,,
dataflow,ESTAT:TOUR_OCC_NINATDC(1.0),Nights spent at tourist accommodation establishments by degree of urbanisation and coastal/non-coastal area,A,Annual,TOTAL,Total,CST_A,Coastal areas,I551-I553,"Hotels; holiday and other short-stay accommodation; camping grounds, recreational vehicle parks and trailer parks",NR,Number,LI,Liechtenstein,2017,,0,,,,,
dataflow,ESTAT:TOUR_OCC_NINATDC(1.0),Nights spent at tourist accommodation establishments by degree of urbanisation and coastal/non-coastal area,A,Annual,TOTAL,Total,CST_A,Coastal areas,I551-I553,"Hotels; holiday and other short-stay accommodation; camping grounds, recreational vehicle parks and trailer parks",NR,Number,LI,Liechtenstein,2018,,0,,,,,
dataflow,ESTAT:TOUR_OCC_NINATDC(1.0),Nights spent at tourist accommodation establishments by degree of urbanisation and coastal/non-coastal area,A,Annual,TOTAL,Total,CST_A,Coastal areas,I551-I553,"Hotels; holiday and other short-stay accommodation; camping grounds, recreational vehicle parks and trailer parks",NR,Number,LI,Liechtenstein,2019,,0,,,,,
dataflow,ESTAT:TOUR_OCC_NINATDC(1.0),Nights spent at tourist accommodation establishments by degree of urbanisation and coastal/non-coastal area,A,Annual,TOTAL,Total,CST_A,Coastal areas,I551-I553,"Hotels; holiday and other short-stay accommodation; camping grounds, recreational vehicle parks and trailer parks",NR,Number,LI,Liechtenstein,2020,,0,,,,,
dataflow,ESTAT:TOUR_OCC_NINATDC(1.0),Nights spent at tourist accommodation establishments by degree of urbanisation and coastal/non-coastal area,A,Annual,TOTAL,Total,CST_A,Coastal areas,I551-I553,"Hotels; holiday and other short-stay accommodation; camping grounds, recreational vehicle parks and trailer parks",NR,Number,LI,Liechtenstein,2021,,0,,,,,
dataflow,ESTAT:TOUR_OCC_NINATDC(1.0),Nights spent at tourist accommodation establishments by degree of urbanisation and coastal/non-coastal area,A,Annual,TOTAL,Total,CST_A,Coastal areas,I551-I553,"Hotels; holiday and other short-stay accommodation; camping grounds, recreational vehicle parks and trailer parks",NR,Number,LI,Liechtenstein,2022,,0,,,,,
dataflow,ESTAT:TOUR_OCC_NINATDC(1.0),Nights spent at tourist accommodation establishments by degree of urbanisation and coastal/non-coastal area,A,Annual,TOTAL,Total,CST_A,Coastal areas,I551-I553,"Hotels; holiday and other short-stay accommodation; camping grounds, recreational vehicle parks and trailer parks",NR,Number,LI,Liechtenstein,2023,,0,,,,,
dataflow,ESTAT:TOUR_OCC_NINATDC(1.0),Nights spent at tourist accommodation establishments by degree of urbanisation and coastal/non-coastal area,A,Annual,TOTAL,Total,CST_A,Coastal areas,I551-I553,"Hotels; holiday and other short-stay accommodation; camping grounds, recreational vehicle parks and trailer parks",NR,Number,LI,Liechtenstein,2024,,0,,,,,
dataflow,ESTAT:TOUR_OCC_NINATDC(1.0),Nights spent at tourist accommodation establishments by degree of urbanisation and coastal/non-coastal area,A,Annual,TOTAL,Total,CST_A,Coastal areas,I551-I553,"Hotels; holiday and other short-stay accommodation; camping grounds, recreational vehicle parks and trailer parks",NR,Number,LT,Lithuania,2012,,1387014,,,,,
dataflow,ESTAT:TOUR_OCC_NINATDC(1.0),Nights spent at tourist accommodation establishments by degree of urbanisation and coastal/non-coastal area,A,Annual,TOTAL,Total,CST_A,Coastal areas,I551-I553,"Hotels; holiday and other short-stay accommodation; camping grounds, recreational vehicle parks and trailer parks",NR,Number,LT,Lithuania,2013,,1434082,,,,,
dataflow,ESTAT:TOUR_OCC_NINATDC(1.0),Nights spent at tourist accommodation establishments by degree of urbanisation and coastal/non-coastal area,A,Annual,TOTAL,Total,CST_A,Coastal areas,I551-I553,"Hotels; holiday and other short-stay accommodation; camping grounds, recreational vehicle parks and trailer parks",NR,Number,LT,Lithuania,2014,,1537819,,,,,
dataflow,ESTAT:TOUR_OCC_NINATDC(1.0),Nights spent at tourist accommodation establishments by degree of urbanisation and coastal/non-coastal area,A,Annual,TOTAL,Total,CST_A,Coastal areas,I551-I553,"Hotels; holiday and other short-stay accommodation; camping grounds, recreational vehicle parks and trailer parks",NR,Number,LT,Lithuania,2015,,1506578,,,,,
dataflow,ESTAT:TOUR_OCC_NINATDC(1.0),Nights spent at tourist accommodation establishments by degree of urbanisation and coastal/non-coastal area,A,Annual,TOTAL,Total,CST_A,Coastal areas,I551-I553,"Hotels; holiday and other short-stay accommodation; camping grounds, recreational vehicle parks and trailer parks",NR,Number,LT,Lithuania,2016,,1646918,,,,,
dataflow,ESTAT:TOUR_OCC_NINATDC(1.0),Nights spent at tourist accommodation establishments by degree of urbanisation and coastal/non-coastal area,A,Annual,TOTAL,Total,CST_A,Coastal areas,I551-I553,"Hotels; holiday and other short-stay accommodation; camping grounds, recreational vehicle parks and trailer parks",NR,Number,LT,Lithuania,2017,,1756276,,,,,
dataflow,ESTAT:TOUR_OCC_NINATDC(1.0),Nights spent at tourist accommodation establishments by degree of urbanisation and coastal/non-coastal area,A,Annual,TOTAL,Total,CST_A,Coastal areas,I551-I553,"Hotels; holiday and other short-stay accommodation; camping grounds, recreational vehicle parks and trailer parks",NR,Number,LT,Lithuania,2018,,1963031,,,,,
dataflow,ESTAT:TOUR_OCC_NINATDC(1.0),Nights spent at tourist accommodation establishments by degree of urbanisation and coastal/non-coastal area,A,Annual,TOTAL,Total,CST_A,Coastal areas,I551-I553,"Hotels; holiday and other short-stay accommodation; camping grounds, recreational vehicle parks and trailer parks",NR,Number,LT,Lithuania,2019,,2213713,,,,,
dataflow,ESTAT:TOUR_OCC_NINATDC(1.0),Nights spent at tourist accommodation establishments by degree of urbanisation and coastal/non-coastal area,A,Annual,TOTAL,Total,CST_A,Coastal areas,I551-I553,"Hotels; holiday and other short-stay accommodation; camping grounds, recreational vehicle parks and trailer parks",NR,Number,LT,Lithuania,2020,,1625867,,,,,
dataflow,ESTAT:TOUR_OCC_NINATDC(1.0),Nights spent at tourist accommodation establishments by degree of urbanisation and coastal/non-coastal area,A,Annual,TOTAL,Total,CST_A,Coastal areas,I551-I553,"Hotels; holiday and other short-stay accommodation; camping grounds, recreational vehicle parks and trailer parks",NR,Number,LT,Lithuania,2021,,1765510,,,,,
dataflow,ESTAT:TOUR_OCC_NINATDC(1.0),Nights spent at tourist accommodation establishments by degree of urbanisation and coastal/non-coastal area,A,Annual,TOTAL,Total,CST_A,Coastal areas,I551-I553,"Hotels; holiday and other short-stay accommodation; camping grounds, recreational vehicle parks and trailer parks",NR,Number,LT,Lithuania,2022,,2181151,,,,,
dataflow,ESTAT:TOUR_OCC_NINATDC(1.0),Nights spent at tourist accommodation establishments by degree of urbanisation and coastal/non-coastal area,A,Annual,TOTAL,Total,CST_A,Coastal areas,I551-I553,"Hotels; holiday and other short-stay accommodation; camping grounds, recreational vehicle parks and trailer parks",NR,Number,LT,Lithuania,2023,,2361817,,,,,
dataflow,ESTAT:TOUR_OCC_NINATDC(1.0),Nights spent at tourist accommodation establishments by degree of urbanisation and coastal/non-coastal area,A,Annual,TOTAL,Total,CST_A,Coastal areas,I551-I553,"Hotels; holiday and other short-stay accommodation; camping grounds, recreational vehicle parks and trailer parks",NR,Number,LT,Lithuania,2024,,2243622,,,,,
dataflow,ESTAT:TOUR_OCC_NINATDC(1.0),Nights spent at tourist accommodation establishments by degree of urbanisation and coastal/non-coastal area,A,Annual,TOTAL,Total,CST_A,Coastal areas,I551-I553,"Hotels; holiday and other short-stay accommodation; camping grounds, recreational vehicle parks and trailer parks",NR,Number,LU,Luxembourg,2012,,0,,,,,
dataflow,ESTAT:TOUR_OCC_NINATDC(1.0),Nights spent at tourist accommodation establishments by degree of urbanisation and coastal/non-coastal area,A,Annual,TOTAL,Total,CST_A,Coastal areas,I551-I553,"Hotels; holiday and other short-stay accommodation; camping grounds, recreational vehicle parks and trailer parks",NR,Number,LU,Luxembourg,2013,,0,,,,,
dataflow,ESTAT:TOUR_OCC_NINATDC(1.0),Nights spent at tourist accommodation establishments by degree of urbanisation and coastal/non-coastal area,A,Annual,TOTAL,Total,CST_A,Coastal areas,I551-I553,"Hotels; holiday and other short-stay accommodation; camping grounds, recreational vehicle parks and trailer parks",NR,Number,LU,Luxembourg,2014,,0,,,,,
dataflow,ESTAT:TOUR_OCC_NINATDC(1.0),Nights spent at tourist accommodation establishments by degree of urbanisation and coastal/non-coastal area,A,Annual,TOTAL,Total,CST_A,Coastal areas,I551-I553,"Hotels; holiday and other short-stay accommodation; camping grounds, recreational vehicle parks and trailer parks",NR,Number,LU,Luxembourg,2015,,0,,,,,
dataflow,ESTAT:TOUR_OCC_NINATDC(1.0),Nights spent at tourist accommodation establishments by degree of urbanisation and coastal/non-coastal area,A,Annual,TOTAL,Total,CST_A,Coastal areas,I551-I553,"Hotels; holiday and other short-stay accommodation; camping grounds, recreational vehicle parks and trailer parks",NR,Number,LU,Luxembourg,2016,,0,,,,,
dataflow,ESTAT:TOUR_OCC_NINATDC(1.0),Nights spent at tourist accommodation establishments by degree of urbanisation and coastal/non-coastal area,A,Annual,TOTAL,Total,CST_A,Coastal areas,I551-I553,"Hotels; holiday and other short-stay accommodation; camping grounds, recreational vehicle parks and trailer parks",NR,Number,LU,Luxembourg,2017,,0,,,,,
dataflow,ESTAT:TOUR_OCC_NINATDC(1.0),Nights spent at tourist accommodation establishments by degree of urbanisation and coastal/non-coastal area,A,Annual,TOTAL,Total,CST_A,Coastal areas,I551-I553,"Hotels; holiday and other short-stay accommodation; camping grounds, recreational vehicle parks and trailer parks",NR,Number,LU,Luxembourg,2018,,0,,,,,
dataflow,ESTAT:TOUR_OCC_NINATDC(1.0),Nights spent at tourist accommodation establishments by degree of urbanisation and coastal/non-coastal area,A,Annual,TOTAL,Total,CST_A,Coastal areas,I551-I553,"Hotels; holiday and other short-stay accommodation; camping grounds, recreational vehicle parks and trailer parks",NR,Number,LU,Luxembourg,2019,,0,,,,,
dataflow,ESTAT:TOUR_OCC_NINATDC(1.0),Nights spent at tourist accommodation establishments by degree of urbanisation and coastal/non-coastal area,A,Annual,TOTAL,Total,CST_A,Coastal areas,I551-I553,"Hotels; holiday and other short-stay accommodation; camping grounds, recreational vehicle parks and trailer parks",NR,Number,LU,Luxembourg,2020,,0,,,,,
dataflow,ESTAT:TOUR_OCC_NINATDC(1.0),Nights spent at tourist accommodation establishments by degree of urbanisation and coastal/non-coastal area,A,Annual,TOTAL,Total,CST_A,Coastal areas,I551-I553,"Hotels; holiday and other short-stay accommodation; camping grounds, recreational vehicle parks and trailer parks",NR,Number,LU,Luxembourg,2021,,0,,,,,
dataflow,ESTAT:TOUR_OCC_NINATDC(1.0),Nights spent at tourist accommodation establishments by degree of urbanisation and coastal/non-coastal area,A,Annual,TOTAL,Total,CST_A,Coastal areas,I551-I553,"Hotels; holiday and other short-stay accommodation; camping grounds, recreational vehicle parks and trailer parks",NR,Number,LU,Luxembourg,2022,,0,,,,,
dataflow,ESTAT:TOUR_OCC_NINATDC(1.0),Nights spent at tourist accommodation establishments by degree of urbanisation and coastal/non-coastal area,A,Annual,TOTAL,Total,CST_A,Coastal areas,I551-I553,"Hotels; holiday and other short-stay accommodation; camping grounds, recreational vehicle parks and trailer parks",NR,Number,LU,Luxembourg,2023,,0,,,,,
dataflow,ESTAT:TOUR_OCC_NINATDC(1.0),Nights spent at tourist accommodation establishments by degree of urbanisation and coastal/non-coastal area,A,Annual,TOTAL,Total,CST_A,Coastal areas,I551-I553,"Hotels; holiday and other short-stay accommodation; camping grounds, recreational vehicle parks and trailer parks",NR,Number,LU,Luxembourg,2024,,0,,,,,
dataflow,ESTAT:TOUR_OCC_NINATDC(1.0),Nights spent at tourist accommodation establishments by degree of urbanisation and coastal/non-coastal area,A,Annual,TOTAL,Total,CST_A,Coastal areas,I551-I553,"Hotels; holiday and other short-stay accommodation; camping grounds, recreational vehicle parks and trailer parks",NR,Number,LV,Latvia,2012,,2964743,,,,,
dataflow,ESTAT:TOUR_OCC_NINATDC(1.0),Nights spent at tourist accommodation establishments by degree of urbanisation and coastal/non-coastal area,A,Annual,TOTAL,Total,CST_A,Coastal areas,I551-I553,"Hotels; holiday and other short-stay accommodation; camping grounds, recreational vehicle parks and trailer parks",NR,Number,LV,Latvia,2013,,3158461,,,,,
dataflow,ESTAT:TOUR_OCC_NINATDC(1.0),Nights spent at tourist accommodation establishments by degree of urbanisation and coastal/non-coastal area,A,Annual,TOTAL,Total,CST_A,Coastal areas,I551-I553,"Hotels; holiday and other short-stay accommodation; camping grounds, recreational vehicle parks and trailer parks",NR,Number,LV,Latvia,2014,,3442824,,,,,
dataflow,ESTAT:TOUR_OCC_NINATDC(1.0),Nights spent at tourist accommodation establishments by degree of urbanisation and coastal/non-coastal area,A,Annual,TOTAL,Total,CST_A,Coastal areas,I551-I553,"Hotels; holiday and other short-stay accommodation; camping grounds, recreational vehicle parks and trailer parks",NR,Number,LV,Latvia,2015,,3445529,,,,,
dataflow,ESTAT:TOUR_OCC_NINATDC(1.0),Nights spent at tourist accommodation establishments by degree of urbanisation and coastal/non-coastal area,A,Annual,TOTAL,Total,CST_A,Coastal areas,I551-I553,"Hotels; holiday and other short-stay accommodation; camping grounds, recreational vehicle parks and trailer parks",NR,Number,LV,Latvia,2016,,3710001,,,,,
dataflow,ESTAT:TOUR_OCC_NINATDC(1.0),Nights spent at tourist accommodation establishments by degree of urbanisation and coastal/non-coastal area,A,Annual,TOTAL,Total,CST_A,Coastal areas,I551-I553,"Hotels; holiday and other short-stay accommodation; camping grounds, recreational vehicle parks and trailer parks",NR,Number,LV,Latvia,2017,,4064066,,,,,
dataflow,ESTAT:TOUR_OCC_NINATDC(1.0),Nights spent at tourist accommodation establishments by degree of urbanisation and coastal/non-coastal area,A,Annual,TOTAL,Total,CST_A,Coastal areas,I551-I553,"Hotels; holiday and other short-stay accommodation; camping grounds, recreational vehicle parks and trailer parks",NR,Number,LV,Latvia,2018,,4482682,,,,,
dataflow,ESTAT:TOUR_OCC_NINATDC(1.0),Nights spent at tourist accommodation establishments by degree of urbanisation and coastal/non-coastal area,A,Annual,TOTAL,Total,CST_A,Coastal areas,I551-I553,"Hotels; holiday and other short-stay accommodation; camping grounds, recreational vehicle parks and trailer parks",NR,Number,LV,Latvia,2019,,4571247,,,,,
dataflow,ESTAT:TOUR_OCC_NINATDC(1.0),Nights spent at tourist accommodation establishments by degree of urbanisation and coastal/non-coastal area,A,Annual,TOTAL,Total,CST_A,Coastal areas,I551-I553,"Hotels; holiday and other short-stay accommodation; camping grounds, recreational vehicle parks and trailer parks",NR,Number,LV,Latvia,2020,,2251122,,,,,
dataflow,ESTAT:TOUR_OCC_NINATDC(1.0),Nights spent at tourist accommodation establishments by degree of urbanisation and coastal/non-coastal area,A,Annual,TOTAL,Total,CST_A,Coastal areas,I551-I553,"Hotels; holiday and other short-stay accommodation; camping grounds, recreational vehicle parks and trailer parks",NR,Number,LV,Latvia,2021,,1764724,,,,,
dataflow,ESTAT:TOUR_OCC_NINATDC(1.0),Nights spent at tourist accommodation establishments by degree of urbanisation and coastal/non-coastal area,A,Annual,TOTAL,Total,CST_A,Coastal areas,I551-I553,"Hotels; holiday and other short-stay accommodation; camping grounds, recreational vehicle parks and trailer parks",NR,Number,LV,Latvia,2022,,3085084,,,,,
dataflow,ESTAT:TOUR_OCC_NINATDC(1.0),Nights spent at tourist accommodation establishments by degree of urbanisation and coastal/non-coastal area,A,Annual,TOTAL,Total,CST_A,Coastal areas,I551-I553,"Hotels; holiday and other short-stay accommodation; camping grounds, recreational vehicle parks and trailer parks",NR,Number,LV,Latvia,2023,,3444290,,,,,
dataflow,ESTAT:TOUR_OCC_NINATDC(1.0),Nights spent at tourist accommodation establishments by degree of urbanisation and coastal/non-coastal area,A,Annual,TOTAL,Total,CST_A,Coastal areas,I551-I553,"Hotels; holiday and other short-stay accommodation; camping grounds, recreational vehicle parks and trailer parks",NR,Number,LV,Latvia,2024,,3773877,,,,,
dataflow,ESTAT:TOUR_OCC_NINATDC(1.0),Nights spent at tourist accommodation establishments by degree of urbanisation and coastal/non-coastal area,A,Annual,TOTAL,Total,CST_A,Coastal areas,I551-I553,"Hotels; holiday and other short-stay accommodation; camping grounds, recreational vehicle parks and trailer parks",NR,Number,ME,Montenegro,2012,,8858226,,,,,
dataflow,ESTAT:TOUR_OCC_NINATDC(1.0),Nights spent at tourist accommodation establishments by degree of urbanisation and coastal/non-coastal area,A,Annual,TOTAL,Total,CST_A,Coastal areas,I551-I553,"Hotels; holiday and other short-stay accommodation; camping grounds, recreational vehicle parks and trailer parks",NR,Number,ME,Montenegro,2015,,10687914,,,,,
dataflow,ESTAT:TOUR_OCC_NINATDC(1.0),Nights spent at tourist accommodation establishments by degree of urbanisation and coastal/non-coastal area,A,Annual,TOTAL,Total,CST_A,Coastal areas,I551-I553,"Hotels; holiday and other short-stay accommodation; camping grounds, recreational vehicle parks and trailer parks",NR,Number,ME,Montenegro,2016,,10827495,,,,,
dataflow,ESTAT:TOUR_OCC_NINATDC(1.0),Nights spent at tourist accommodation establishments by degree of urbanisation and coastal/non-coastal area,A,Annual,TOTAL,Total,CST_A,Coastal areas,I551-I553,"Hotels; holiday and other short-stay accommodation; camping grounds, recreational vehicle parks and trailer parks",NR,Number,MK,North Macedonia,2014,,0,,,,,
dataflow,ESTAT:TOUR_OCC_NINATDC(1.0),Nights spent at tourist accommodation establishments by degree of urbanisation and coastal/non-coastal area,A,Annual,TOTAL,Total,CST_A,Coastal areas,I551-I553,"Hotels; holiday and other short-stay accommodation; camping grounds, recreational vehicle parks and trailer parks",NR,Number,MK,North Macedonia,2015,,0,,,,,
dataflow,ESTAT:TOUR_OCC_NINATDC(1.0),Nights spent at tourist accommodation establishments by degree of urbanisation and coastal/non-coastal area,A,Annual,TOTAL,Total,CST_A,Coastal areas,I551-I553,"Hotels; holiday and other short-stay accommodation; camping grounds, recreational vehicle parks and trailer parks",NR,Number,MK,North Macedonia,2016,,0,,,,,
dataflow,ESTAT:TOUR_OCC_NINATDC(1.0),Nights spent at tourist accommodation establishments by degree of urbanisation and coastal/non-coastal area,A,Annual,TOTAL,Total,CST_A,Coastal areas,I551-I553,"Hotels; holiday and other short-stay accommodation; camping grounds, recreational vehicle parks and trailer parks",NR,Number,MK,North Macedonia,2017,,0,,,,,
dataflow,ESTAT:TOUR_OCC_NINATDC(1.0),Nights spent at tourist accommodation establishments by degree of urbanisation and coastal/non-coastal area,A,Annual,TOTAL,Total,CST_A,Coastal areas,I551-I553,"Hotels; holiday and other short-stay accommodation; camping grounds, recreational vehicle parks and trailer parks",NR,Number,MK,North Macedonia,2018,,0,,,,,
dataflow,ESTAT:TOUR_OCC_NINATDC(1.0),Nights spent at tourist accommodation establishments by degree of urbanisation and coastal/non-coastal area,A,Annual,TOTAL,Total,CST_A,Coastal areas,I551-I553,"Hotels; holiday and other short-stay accommodation; camping grounds, recreational vehicle parks and trailer parks",NR,Number,MK,North Macedonia,2019,,0,,,,,
dataflow,ESTAT:TOUR_OCC_NINATDC(1.0),Nights spent at tourist accommodation establishments by degree of urbanisation and coastal/non-coastal area,A,Annual,TOTAL,Total,CST_A,Coastal areas,I551-I553,"Hotels; holiday and other short-stay accommodation; camping grounds, recreational vehicle parks and trailer parks",NR,Number,MK,North Macedonia,2020,,0,,,,,
dataflow,ESTAT:TOUR_OCC_NINATDC(1.0),Nights spent at tourist accommodation establishments by degree of urbanisation and coastal/non-coastal area,A,Annual,TOTAL,Total,CST_A,Coastal areas,I551-I553,"Hotels; holiday and other short-stay accommodation; camping grounds, recreational vehicle parks and trailer parks",NR,Number,MK,North Macedonia,2021,,0,,,,,
dataflow,ESTAT:TOUR_OCC_NINATDC(1.0),Nights spent at tourist accommodation establishments by degree of urbanisation and coastal/non-coastal area,A,Annual,TOTAL,Total,CST_A,Coastal areas,I551-I553,"Hotels; holiday and other short-stay accommodation; camping grounds, recreational vehicle parks and trailer parks",NR,Number,MK,North Macedonia,2022,,0,,,,,
dataflow,ESTAT:TOUR_OCC_NINATDC(1.0),Nights spent at tourist accommodation establishments by degree of urbanisation and coastal/non-coastal area,A,Annual,TOTAL,Total,CST_A,Coastal areas,I551-I553,"Hotels; holiday and other short-stay accommodation; camping grounds, recreational vehicle parks and trailer parks",NR,Number,MK,North Macedonia,2023,,0,,,,,
dataflow,ESTAT:TOUR_OCC_NINATDC(1.0),Nights spent at tourist accommodation establishments by degree of urbanisation and coastal/non-coastal area,A,Annual,TOTAL,Total,CST_A,Coastal areas,I551-I553,"Hotels; holiday and other short-stay accommodation; camping grounds, recreational vehicle parks and trailer parks",NR,Number,MK,North Macedonia,2024,,0,,,,,
dataflow,ESTAT:TOUR_OCC_NINATDC(1.0),Nights spent at tourist accommodation establishments by degree of urbanisation and coastal/non-coastal area,A,Annual,TOTAL,Total,CST_A,Coastal areas,I551-I553,"Hotels; holiday and other short-stay accommodation; camping grounds, recreational vehicle parks and trailer parks",NR,Number,MT,Malta,2012,,7832229,,,,,
dataflow,ESTAT:TOUR_OCC_NINATDC(1.0),Nights spent at tourist accommodation establishments by degree of urbanisation and coastal/non-coastal area,A,Annual,TOTAL,Total,CST_A,Coastal areas,I551-I553,"Hotels; holiday and other short-stay accommodation; camping grounds, recreational vehicle parks and trailer parks",NR,Number,MT,Malta,2013,,8501147,,,,,
dataflow,ESTAT:TOUR_OCC_NINATDC(1.0),Nights spent at tourist accommodation establishments by degree of urbanisation and coastal/non-coastal area,A,Annual,TOTAL,Total,CST_A,Coastal areas,I551-I553,"Hotels; holiday and other short-stay accommodation; camping grounds, recreational vehicle parks and trailer parks",NR,Number,MT,Malta,2014,,8780948,,,,,
dataflow,ESTAT:TOUR_OCC_NINATDC(1.0),Nights spent at tourist accommodation establishments by degree of urbanisation and coastal/non-coastal area,A,Annual,TOTAL,Total,CST_A,Coastal areas,I551-I553,"Hotels; holiday and other short-stay accommodation; camping grounds, recreational vehicle parks and trailer parks",NR,Number,MT,Malta,2015,,8915297,,,,,
dataflow,ESTAT:TOUR_OCC_NINATDC(1.0),Nights spent at tourist accommodation establishments by degree of urbanisation and coastal/non-coastal area,A,Annual,TOTAL,Total,CST_A,Coastal areas,I551-I553,"Hotels; holiday and other short-stay accommodation; camping grounds, recreational vehicle parks and trailer parks",NR,Number,MT,Malta,2016,,8971191,,,,,
dataflow,ESTAT:TOUR_OCC_NINATDC(1.0),Nights spent at tourist accommodation establishments by degree of urbanisation and coastal/non-coastal area,A,Annual,TOTAL,Total,CST_A,Coastal areas,I551-I553,"Hotels; holiday and other short-stay accommodation; camping grounds, recreational vehicle parks and trailer parks",NR,Number,MT,Malta,2017,,9580329,,,,,
dataflow,ESTAT:TOUR_OCC_NINATDC(1.0),Nights spent at tourist accommodation establishments by degree of urbanisation and coastal/non-coastal area,A,Annual,TOTAL,Total,CST_A,Coastal areas,I551-I553,"Hotels; holiday and other short-stay accommodation; camping grounds, recreational vehicle parks and trailer parks",NR,Number,MT,Malta,2018,,10114196,,,,,
dataflow,ESTAT:TOUR_OCC_NINATDC(1.0),Nights spent at tourist accommodation establishments by degree of urbanisation and coastal/non-coastal area,A,Annual,TOTAL,Total,CST_A,Coastal areas,I551-I553,"Hotels; holiday and other short-stay accommodation; camping grounds, recreational vehicle parks and trailer parks",NR,Number,MT,Malta,2019,,9911282,,,,,
dataflow,ESTAT:TOUR_OCC_NINATDC(1.0),Nights spent at tourist accommodation establishments by degree of urbanisation and coastal/non-coastal area,A,Annual,TOTAL,Total,CST_A,Coastal areas,I551-I553,"Hotels; holiday and other short-stay accommodation; camping grounds, recreational vehicle parks and trailer parks",NR,Number,MT,Malta,2020,,2945184,,,,,
dataflow,ESTAT:TOUR_OCC_NINATDC(1.0),Nights spent at tourist accommodation establishments by degree of urbanisation and coastal/non-coastal area,A,Annual,TOTAL,Total,CST_A,Coastal areas,I551-I553,"Hotels; holiday and other short-stay accommodation; camping grounds, recreational vehicle parks and trailer parks",NR,Number,MT,Malta,2021,,4612959,,,,,
dataflow,ESTAT:TOUR_OCC_NINATDC(1.0),Nights spent at tourist accommodation establishments by degree of urbanisation and coastal/non-coastal area,A,Annual,TOTAL,Total,CST_A,Coastal areas,I551-I553,"Hotels; holiday and other short-stay accommodation; camping grounds, recreational vehicle parks and trailer parks",NR,Number,MT,Malta,2022,,8210424,,,,,
dataflow,ESTAT:TOUR_OCC_NINATDC(1.0),Nights spent at tourist accommodation establishments by degree of urbanisation and coastal/non-coastal area,A,Annual,TOTAL,Total,CST_A,Coastal areas,I551-I553,"Hotels; holiday and other short-stay accommodation; camping grounds, recreational vehicle parks and trailer parks",NR,Number,MT,Malta,2023,,9892292,,,,,
dataflow,ESTAT:TOUR_OCC_NINATDC(1.0),Nights spent at tourist accommodation establishments by degree of urbanisation and coastal/non-coastal area,A,Annual,TOTAL,Total,CST_A,Coastal areas,I551-I553,"Hotels; holiday and other short-stay accommodation; camping grounds, recreational vehicle parks and trailer parks",NR,Number,MT,Malta,2024,,11320179,,,,,
dataflow,ESTAT:TOUR_OCC_NINATDC(1.0),Nights spent at tourist accommodation establishments by degree of urbanisation and coastal/non-coastal area,A,Annual,TOTAL,Total,CST_A,Coastal areas,I551-I553,"Hotels; holiday and other short-stay accommodation; camping grounds, recreational vehicle parks and trailer parks",NR,Number,NL,Netherlands,2012,,25435740,,,,,
dataflow,ESTAT:TOUR_OCC_NINATDC(1.0),Nights spent at tourist accommodation establishments by degree of urbanisation and coastal/non-coastal area,A,Annual,TOTAL,Total,CST_A,Coastal areas,I551-I553,"Hotels; holiday and other short-stay accommodation; camping grounds, recreational vehicle parks and trailer parks",NR,Number,NL,Netherlands,2013,,28815391,,,,,
dataflow,ESTAT:TOUR_OCC_NINATDC(1.0),Nights spent at tourist accommodation establishments by degree of urbanisation and coastal/non-coastal area,A,Annual,TOTAL,Total,CST_A,Coastal areas,I551-I553,"Hotels; holiday and other short-stay accommodation; camping grounds, recreational vehicle parks and trailer parks",NR,Number,NL,Netherlands,2014,,30747456,,,,,
dataflow,ESTAT:TOUR_OCC_NINATDC(1.0),Nights spent at tourist accommodation establishments by degree of urbanisation and coastal/non-coastal area,A,Annual,TOTAL,Total,CST_A,Coastal areas,I551-I553,"Hotels; holiday and other short-stay accommodation; camping grounds, recreational vehicle parks and trailer parks",NR,Number,NL,Netherlands,2015,,31274370,,,,,
dataflow,ESTAT:TOUR_OCC_NINATDC(1.0),Nights spent at tourist accommodation establishments by degree of urbanisation and coastal/non-coastal area,A,Annual,TOTAL,Total,CST_A,Coastal areas,I551-I553,"Hotels; holiday and other short-stay accommodation; camping grounds, recreational vehicle parks and trailer parks",NR,Number,NL,Netherlands,2016,,31540892,,,,,
dataflow,ESTAT:TOUR_OCC_NINATDC(1.0),Nights spent at tourist accommodation establishments by degree of urbanisation and coastal/non-coastal area,A,Annual,TOTAL,Total,CST_A,Coastal areas,I551-I553,"Hotels; holiday and other short-stay accommodation; camping grounds, recreational vehicle parks and trailer parks",NR,Number,NL,Netherlands,2017,,32842683,,,,,
dataflow,ESTAT:TOUR_OCC_NINATDC(1.0),Nights spent at tourist accommodation establishments by degree of urbanisation and coastal/non-coastal area,A,Annual,TOTAL,Total,CST_A,Coastal areas,I551-I553,"Hotels; holiday and other short-stay accommodation; camping grounds, recreational vehicle parks and trailer parks",NR,Number,NL,Netherlands,2018,,51295479,,,,,
dataflow,ESTAT:TOUR_OCC_NINATDC(1.0),Nights spent at tourist accommodation establishments by degree of urbanisation and coastal/non-coastal area,A,Annual,TOTAL,Total,CST_A,Coastal areas,I551-I553,"Hotels; holiday and other short-stay accommodation; camping grounds, recreational vehicle parks and trailer parks",NR,Number,NL,Netherlands,2019,,53929007,,,,,
dataflow,ESTAT:TOUR_OCC_NINATDC(1.0),Nights spent at tourist accommodation establishments by degree of urbanisation and coastal/non-coastal area,A,Annual,TOTAL,Total,CST_A,Coastal areas,I551-I553,"Hotels; holiday and other short-stay accommodation; camping grounds, recreational vehicle parks and trailer parks",NR,Number,NL,Netherlands,2020,,32310239,,,,,
dataflow,ESTAT:TOUR_OCC_NINATDC(1.0),Nights spent at tourist accommodation establishments by degree of urbanisation and coastal/non-coastal area,A,Annual,TOTAL,Total,CST_A,Coastal areas,I551-I553,"Hotels; holiday and other short-stay accommodation; camping grounds, recreational vehicle parks and trailer parks",NR,Number,NL,Netherlands,2021,,37525320,,,,,
dataflow,ESTAT:TOUR_OCC_NINATDC(1.0),Nights spent at tourist accommodation establishments by degree of urbanisation and coastal/non-coastal area,A,Annual,TOTAL,Total,CST_A,Coastal areas,I551-I553,"Hotels; holiday and other short-stay accommodation; camping grounds, recreational vehicle parks and trailer parks",NR,Number,NL,Netherlands,2022,,57211366,,,,,
dataflow,ESTAT:TOUR_OCC_NINATDC(1.0),Nights spent at tourist accommodation establishments by degree of urbanisation and coastal/non-coastal area,A,Annual,TOTAL,Total,CST_A,Coastal areas,I551-I553,"Hotels; holiday and other short-stay accommodation; camping grounds, recreational vehicle parks and trailer parks",NR,Number,NL,Netherlands,2023,,63091008,,,,,
dataflow,ESTAT:TOUR_OCC_NINATDC(1.0),Nights spent at tourist accommodation establishments by degree of urbanisation and coastal/non-coastal area,A,Annual,TOTAL,Total,CST_A,Coastal areas,I551-I553,"Hotels; holiday and other short-stay accommodation; camping grounds, recreational vehicle parks and trailer parks",NR,Number,NL,Netherlands,2024,,65241260,,,,,
dataflow,ESTAT:TOUR_OCC_NINATDC(1.0),Nights spent at tourist accommodation establishments by degree of urbanisation and coastal/non-coastal area,A,Annual,TOTAL,Total,CST_A,Coastal areas,I551-I553,"Hotels; holiday and other short-stay accommodation; camping grounds, recreational vehicle parks and trailer parks",NR,Number,NO,Norway,2012,,21006995,,,,,
dataflow,ESTAT:TOUR_OCC_NINATDC(1.0),Nights spent at tourist accommodation establishments by degree of urbanisation and coastal/non-coastal area,A,Annual,TOTAL,Total,CST_A,Coastal areas,I551-I553,"Hotels; holiday and other short-stay accommodation; camping grounds, recreational vehicle parks and trailer parks",NR,Number,NO,Norway,2013,,20756545,,,,,
dataflow,ESTAT:TOUR_OCC_NINATDC(1.0),Nights spent at tourist accommodation establishments by degree of urbanisation and coastal/non-coastal area,A,Annual,TOTAL,Total,CST_A,Coastal areas,I551-I553,"Hotels; holiday and other short-stay accommodation; camping grounds, recreational vehicle parks and trailer parks",NR,Number,NO,Norway,2014,,21846471,,,,,
dataflow,ESTAT:TOUR_OCC_NINATDC(1.0),Nights spent at tourist accommodation establishments by degree of urbanisation and coastal/non-coastal area,A,Annual,TOTAL,Total,CST_A,Coastal areas,I551-I553,"Hotels; holiday and other short-stay accommodation; camping grounds, recreational vehicle parks and trailer parks",NR,Number,NO,Norway,2015,,22439835,,,,,
dataflow,ESTAT:TOUR_OCC_NINATDC(1.0),Nights spent at tourist accommodation establishments by degree of urbanisation and coastal/non-coastal area,A,Annual,TOTAL,Total,CST_A,Coastal areas,I551-I553,"Hotels; holiday and other short-stay accommodation; camping grounds, recreational vehicle parks and trailer parks",NR,Number,NO,Norway,2016,,23452484,,,,,
dataflow,ESTAT:TOUR_OCC_NINATDC(1.0),Nights spent at tourist accommodation establishments by degree of urbanisation and coastal/non-coastal area,A,Annual,TOTAL,Total,CST_A,Coastal areas,I551-I553,"Hotels; holiday and other short-stay accommodation; camping grounds, recreational vehicle parks and trailer parks",NR,Number,NO,Norway,2020,,17007242,,,,,
dataflow,ESTAT:TOUR_OCC_NINATDC(1.0),Nights spent at tourist accommodation establishments by degree of urbanisation and coastal/non-coastal area,A,Annual,TOTAL,Total,CST_A,Coastal areas,I551-I553,"Hotels; holiday and other short-stay accommodation; camping grounds, recreational vehicle parks and trailer parks",NR,Number,NO,Norway,2021,,19793509,,,,,
dataflow,ESTAT:TOUR_OCC_NINATDC(1.0),Nights spent at tourist accommodation establishments by degree of urbanisation and coastal/non-coastal area,A,Annual,TOTAL,Total,CST_A,Coastal areas,I551-I553,"Hotels; holiday and other short-stay accommodation; camping grounds, recreational vehicle parks and trailer parks",NR,Number,NO,Norway,2022,,27081764,,,,,
dataflow,ESTAT:TOUR_OCC_NINATDC(1.0),Nights spent at tourist accommodation establishments by degree of urbanisation and coastal/non-coastal area,A,Annual,TOTAL,Total,CST_A,Coastal areas,I551-I553,"Hotels; holiday and other short-stay accommodation; camping grounds, recreational vehicle parks and trailer parks",NR,Number,NO,Norway,2023,,28389321,,,,,
dataflow,ESTAT:TOUR_OCC_NINATDC(1.0),Nights spent at tourist accommodation establishments by degree of urbanisation and coastal/non-coastal area,A,Annual,TOTAL,Total,CST_A,Coastal areas,I551-I553,"Hotels; holiday and other short-stay accommodation; camping grounds, recreational vehicle parks and trailer parks",NR,Number,NO,Norway,2024,,29789871,,,,,
dataflow,ESTAT:TOUR_OCC_NINATDC(1.0),Nights spent at tourist accommodation establishments by degree of urbanisation and coastal/non-coastal area,A,Annual,TOTAL,Total,CST_A,Coastal areas,I551-I553,"Hotels; holiday and other short-stay accommodation; camping grounds, recreational vehicle parks and trailer parks",NR,Number,PL,Poland,2012,,15162627,,,,,
dataflow,ESTAT:TOUR_OCC_NINATDC(1.0),Nights spent at tourist accommodation establishments by degree of urbanisation and coastal/non-coastal area,A,Annual,TOTAL,Total,CST_A,Coastal areas,I551-I553,"Hotels; holiday and other short-stay accommodation; camping grounds, recreational vehicle parks and trailer parks",NR,Number,PL,Poland,2013,,15547154,,,,,
dataflow,ESTAT:TOUR_OCC_NINATDC(1.0),Nights spent at tourist accommodation establishments by degree of urbanisation and coastal/non-coastal area,A,Annual,TOTAL,Total,CST_A,Coastal areas,I551-I553,"Hotels; holiday and other short-stay accommodation; camping grounds, recreational vehicle parks and trailer parks",NR,Number,PL,Poland,2014,,16627532,,,,,
dataflow,ESTAT:TOUR_OCC_NINATDC(1.0),Nights spent at tourist accommodation establishments by degree of urbanisation and coastal/non-coastal area,A,Annual,TOTAL,Total,CST_A,Coastal areas,I551-I553,"Hotels; holiday and other short-stay accommodation; camping grounds, recreational vehicle parks and trailer parks",NR,Number,PL,Poland,2015,,17591861,,,,,
dataflow,ESTAT:TOUR_OCC_NINATDC(1.0),Nights spent at tourist accommodation establishments by degree of urbanisation and coastal/non-coastal area,A,Annual,TOTAL,Total,CST_A,Coastal areas,I551-I553,"Hotels; holiday and other short-stay accommodation; camping grounds, recreational vehicle parks and trailer parks",NR,Number,PL,Poland,2016,,19243970,,,,,
dataflow,ESTAT:TOUR_OCC_NINATDC(1.0),Nights spent at tourist accommodation establishments by degree of urbanisation and coastal/non-coastal area,A,Annual,TOTAL,Total,CST_A,Coastal areas,I551-I553,"Hotels; holiday and other short-stay accommodation; camping grounds, recreational vehicle parks and trailer parks",NR,Number,PL,Poland,2017,,20321182,,,,,
dataflow,ESTAT:TOUR_OCC_NINATDC(1.0),Nights spent at tourist accommodation establishments by degree of urbanisation and coastal/non-coastal area,A,Annual,TOTAL,Total,CST_A,Coastal areas,I551-I553,"Hotels; holiday and other short-stay accommodation; camping grounds, recreational vehicle parks and trailer parks",NR,Number,PL,Poland,2018,,21891485,,,,,
dataflow,ESTAT:TOUR_OCC_NINATDC(1.0),Nights spent at tourist accommodation establishments by degree of urbanisation and coastal/non-coastal area,A,Annual,TOTAL,Total,CST_A,Coastal areas,I551-I553,"Hotels; holiday and other short-stay accommodation; camping grounds, recreational vehicle parks and trailer parks",NR,Number,PL,Poland,2019,,23146131,,,,,
dataflow,ESTAT:TOUR_OCC_NINATDC(1.0),Nights spent at tourist accommodation establishments by degree of urbanisation and coastal/non-coastal area,A,Annual,TOTAL,Total,CST_A,Coastal areas,I551-I553,"Hotels; holiday and other short-stay accommodation; camping grounds, recreational vehicle parks and trailer parks",NR,Number,PL,Poland,2020,,14361356,,,,,
dataflow,ESTAT:TOUR_OCC_NINATDC(1.0),Nights spent at tourist accommodation establishments by degree of urbanisation and coastal/non-coastal area,A,Annual,TOTAL,Total,CST_A,Coastal areas,I551-I553,"Hotels; holiday and other short-stay accommodation; camping grounds, recreational vehicle parks and trailer parks",NR,Number,PL,Poland,2021,,17305608,,,,,
dataflow,ESTAT:TOUR_OCC_NINATDC(1.0),Nights spent at tourist accommodation establishments by degree of urbanisation and coastal/non-coastal area,A,Annual,TOTAL,Total,CST_A,Coastal areas,I551-I553,"Hotels; holiday and other short-stay accommodation; camping grounds, recreational vehicle parks and trailer parks",NR,Number,PL,Poland,2022,,21991941,,,,,
dataflow,ESTAT:TOUR_OCC_NINATDC(1.0),Nights spent at tourist accommodation establishments by degree of urbanisation and coastal/non-coastal area,A,Annual,TOTAL,Total,CST_A,Coastal areas,I551-I553,"Hotels; holiday and other short-stay accommodation; camping grounds, recreational vehicle parks and trailer parks",NR,Number,PL,Poland,2023,,22534984,,,,,
dataflow,ESTAT:TOUR_OCC_NINATDC(1.0),Nights spent at tourist accommodation establishments by degree of urbanisation and coastal/non-coastal area,A,Annual,TOTAL,Total,CST_A,Coastal areas,I551-I553,"Hotels; holiday and other short-stay accommodation; camping grounds, recreational vehicle parks and trailer parks",NR,Number,PL,Poland,2024,,24190650,,,,,
dataflow,ESTAT:TOUR_OCC_NINATDC(1.0),Nights spent at tourist accommodation establishments by degree of urbanisation and coastal/non-coastal area,A,Annual,TOTAL,Total,CST_A,Coastal areas,I551-I553,"Hotels; holiday and other short-stay accommodation; camping grounds, recreational vehicle parks and trailer parks",NR,Number,PT,Portugal,2012,,40715559,,,,,
dataflow,ESTAT:TOUR_OCC_NINATDC(1.0),Nights spent at tourist accommodation establishments by degree of urbanisation and coastal/non-coastal area,A,Annual,TOTAL,Total,CST_A,Coastal areas,I551-I553,"Hotels; holiday and other short-stay accommodation; camping grounds, recreational vehicle parks and trailer parks",NR,Number,PT,Portugal,2013,,43274492,,,,,
dataflow,ESTAT:TOUR_OCC_NINATDC(1.0),Nights spent at tourist accommodation establishments by degree of urbanisation and coastal/non-coastal area,A,Annual,TOTAL,Total,CST_A,Coastal areas,I551-I553,"Hotels; holiday and other short-stay accommodation; camping grounds, recreational vehicle parks and trailer parks",NR,Number,PT,Portugal,2014,,47833003,,,,,
dataflow,ESTAT:TOUR_OCC_NINATDC(1.0),Nights spent at tourist accommodation establishments by degree of urbanisation and coastal/non-coastal area,A,Annual,TOTAL,Total,CST_A,Coastal areas,I551-I553,"Hotels; holiday and other short-stay accommodation; camping grounds, recreational vehicle parks and trailer parks",NR,Number,PT,Portugal,2015,,51179857,,,,,
dataflow,ESTAT:TOUR_OCC_NINATDC(1.0),Nights spent at tourist accommodation establishments by degree of urbanisation and coastal/non-coastal area,A,Annual,TOTAL,Total,CST_A,Coastal areas,I551-I553,"Hotels; holiday and other short-stay accommodation; camping grounds, recreational vehicle parks and trailer parks",NR,Number,PT,Portugal,2016,,56592542,,,,,
dataflow,ESTAT:TOUR_OCC_NINATDC(1.0),Nights spent at tourist accommodation establishments by degree of urbanisation and coastal/non-coastal area,A,Annual,TOTAL,Total,CST_A,Coastal areas,I551-I553,"Hotels; holiday and other short-stay accommodation; camping grounds, recreational vehicle parks and trailer parks",NR,Number,PT,Portugal,2017,,61131459,,,,,
dataflow,ESTAT:TOUR_OCC_NINATDC(1.0),Nights spent at tourist accommodation establishments by degree of urbanisation and coastal/non-coastal area,A,Annual,TOTAL,Total,CST_A,Coastal areas,I551-I553,"Hotels; holiday and other short-stay accommodation; camping grounds, recreational vehicle parks and trailer parks",NR,Number,PT,Portugal,2018,,63096944,,,,,
dataflow,ESTAT:TOUR_OCC_NINATDC(1.0),Nights spent at tourist accommodation establishments by degree of urbanisation and coastal/non-coastal area,A,Annual,TOTAL,Total,CST_A,Coastal areas,I551-I553,"Hotels; holiday and other short-stay accommodation; camping grounds, recreational vehicle parks and trailer parks",NR,Number,PT,Portugal,2019,,65382198,,,,,
dataflow,ESTAT:TOUR_OCC_NINATDC(1.0),Nights spent at tourist accommodation establishments by degree of urbanisation and coastal/non-coastal area,A,Annual,TOTAL,Total,CST_A,Coastal areas,I551-I553,"Hotels; holiday and other short-stay accommodation; camping grounds, recreational vehicle parks and trailer parks",NR,Number,PT,Portugal,2020,,23760267,,,,,
dataflow,ESTAT:TOUR_OCC_NINATDC(1.0),Nights spent at tourist accommodation establishments by degree of urbanisation and coastal/non-coastal area,A,Annual,TOTAL,Total,CST_A,Coastal areas,I551-I553,"Hotels; holiday and other short-stay accommodation; camping grounds, recreational vehicle parks and trailer parks",NR,Number,PT,Portugal,2021,,34153843,,,,,
dataflow,ESTAT:TOUR_OCC_NINATDC(1.0),Nights spent at tourist accommodation establishments by degree of urbanisation and coastal/non-coastal area,A,Annual,TOTAL,Total,CST_A,Coastal areas,I551-I553,"Hotels; holiday and other short-stay accommodation; camping grounds, recreational vehicle parks and trailer parks",NR,Number,PT,Portugal,2022,,64444691,,,,,
dataflow,ESTAT:TOUR_OCC_NINATDC(1.0),Nights spent at tourist accommodation establishments by degree of urbanisation and coastal/non-coastal area,A,Annual,TOTAL,Total,CST_A,Coastal areas,I551-I553,"Hotels; holiday and other short-stay accommodation; camping grounds, recreational vehicle parks and trailer parks",NR,Number,PT,Portugal,2023,,71088344,,,,,
dataflow,ESTAT:TOUR_OCC_NINATDC(1.0),Nights spent at tourist accommodation establishments by degree of urbanisation and coastal/non-coastal area,A,Annual,TOTAL,Total,CST_A,Coastal areas,I551-I553,"Hotels; holiday and other short-stay accommodation; camping grounds, recreational vehicle parks and trailer parks",NR,Number,PT,Portugal,2024,,73452547,,,,,
dataflow,ESTAT:TOUR_OCC_NINATDC(1.0),Nights spent at tourist accommodation establishments by degree of urbanisation and coastal/non-coastal area,A,Annual,TOTAL,Total,CST_A,Coastal areas,I551-I553,"Hotels; holiday and other short-stay accommodation; camping grounds, recreational vehicle parks and trailer parks",NR,Number,RO,Romania,2012,,3802075,,,,,
dataflow,ESTAT:TOUR_OCC_NINATDC(1.0),Nights spent at tourist accommodation establishments by degree of urbanisation and coastal/non-coastal area,A,Annual,TOTAL,Total,CST_A,Coastal areas,I551-I553,"Hotels; holiday and other short-stay accommodation; camping grounds, recreational vehicle parks and trailer parks",NR,Number,RO,Romania,2013,,3448555,,,,,
dataflow,ESTAT:TOUR_OCC_NINATDC(1.0),Nights spent at tourist accommodation establishments by degree of urbanisation and coastal/non-coastal area,A,Annual,TOTAL,Total,CST_A,Coastal areas,I551-I553,"Hotels; holiday and other short-stay accommodation; camping grounds, recreational vehicle parks and trailer parks",NR,Number,RO,Romania,2014,,3628793,,,,,
dataflow,ESTAT:TOUR_OCC_NINATDC(1.0),Nights spent at tourist accommodation establishments by degree of urbanisation and coastal/non-coastal area,A,Annual,TOTAL,Total,CST_A,Coastal areas,I551-I553,"Hotels; holiday and other short-stay accommodation; camping grounds, recreational vehicle parks and trailer parks",NR,Number,RO,Romania,2015,,4202424,,,,,
dataflow,ESTAT:TOUR_OCC_NINATDC(1.0),Nights spent at tourist accommodation establishments by degree of urbanisation and coastal/non-coastal area,A,Annual,TOTAL,Total,CST_A,Coastal areas,I551-I553,"Hotels; holiday and other short-stay accommodation; camping grounds, recreational vehicle parks and trailer parks",NR,Number,RO,Romania,2016,,4575044,,,,,
dataflow,ESTAT:TOUR_OCC_NINATDC(1.0),Nights spent at tourist accommodation establishments by degree of urbanisation and coastal/non-coastal area,A,Annual,TOTAL,Total,CST_A,Coastal areas,I551-I553,"Hotels; holiday and other short-stay accommodation; camping grounds, recreational vehicle parks and trailer parks",NR,Number,RO,Romania,2017,,4776369,,,,,
dataflow,ESTAT:TOUR_OCC_NINATDC(1.0),Nights spent at tourist accommodation establishments by degree of urbanisation and coastal/non-coastal area,A,Annual,TOTAL,Total,CST_A,Coastal areas,I551-I553,"Hotels; holiday and other short-stay accommodation; camping grounds, recreational vehicle parks and trailer parks",NR,Number,RO,Romania,2018,,5149257,,,,,
dataflow,ESTAT:TOUR_OCC_NINATDC(1.0),Nights spent at tourist accommodation establishments by degree of urbanisation and coastal/non-coastal area,A,Annual,TOTAL,Total,CST_A,Coastal areas,I551-I553,"Hotels; holiday and other short-stay accommodation; camping grounds, recreational vehicle parks and trailer parks",NR,Number,RO,Romania,2019,,5336573,,,,,
dataflow,ESTAT:TOUR_OCC_NINATDC(1.0),Nights spent at tourist accommodation establishments by degree of urbanisation and coastal/non-coastal area,A,Annual,TOTAL,Total,CST_A,Coastal areas,I551-I553,"Hotels; holiday and other short-stay accommodation; camping grounds, recreational vehicle parks and trailer parks",NR,Number,RO,Romania,2020,,3638456,,,,,
dataflow,ESTAT:TOUR_OCC_NINATDC(1.0),Nights spent at tourist accommodation establishments by degree of urbanisation and coastal/non-coastal area,A,Annual,TOTAL,Total,CST_A,Coastal areas,I551-I553,"Hotels; holiday and other short-stay accommodation; camping grounds, recreational vehicle parks and trailer parks",NR,Number,RO,Romania,2021,,5303314,,,,,
dataflow,ESTAT:TOUR_OCC_NINATDC(1.0),Nights spent at tourist accommodation establishments by degree of urbanisation and coastal/non-coastal area,A,Annual,TOTAL,Total,CST_A,Coastal areas,I551-I553,"Hotels; holiday and other short-stay accommodation; camping grounds, recreational vehicle parks and trailer parks",NR,Number,RO,Romania,2022,,4820894,,,,,
dataflow,ESTAT:TOUR_OCC_NINATDC(1.0),Nights spent at tourist accommodation establishments by degree of urbanisation and coastal/non-coastal area,A,Annual,TOTAL,Total,CST_A,Coastal areas,I551-I553,"Hotels; holiday and other short-stay accommodation; camping grounds, recreational vehicle parks and trailer parks",NR,Number,RO,Romania,2023,,5295882,,,,,
dataflow,ESTAT:TOUR_OCC_NINATDC(1.0),Nights spent at tourist accommodation establishments by degree of urbanisation and coastal/non-coastal area,A,Annual,TOTAL,Total,CST_A,Coastal areas,I551-I553,"Hotels; holiday and other short-stay accommodation; camping grounds, recreational vehicle parks and trailer parks",NR,Number,RO,Romania,2024,,5667123,,,,,
dataflow,ESTAT:TOUR_OCC_NINATDC(1.0),Nights spent at tourist accommodation establishments by degree of urbanisation and coastal/non-coastal area,A,Annual,TOTAL,Total,CST_A,Coastal areas,I551-I553,"Hotels; holiday and other short-stay accommodation; camping grounds, recreational vehicle parks and trailer parks",NR,Number,RS,Serbia,2014,,0,,,,,
dataflow,ESTAT:TOUR_OCC_NINATDC(1.0),Nights spent at tourist accommodation establishments by degree of urbanisation and coastal/non-coastal area,A,Annual,TOTAL,Total,CST_A,Coastal areas,I551-I553,"Hotels; holiday and other short-stay accommodation; camping grounds, recreational vehicle parks and trailer parks",NR,Number,RS,Serbia,2015,,0,,,,,
dataflow,ESTAT:TOUR_OCC_NINATDC(1.0),Nights spent at tourist accommodation establishments by degree of urbanisation and coastal/non-coastal area,A,Annual,TOTAL,Total,CST_A,Coastal areas,I551-I553,"Hotels; holiday and other short-stay accommodation; camping grounds, recreational vehicle parks and trailer parks",NR,Number,RS,Serbia,2016,,0,,,,,
dataflow,ESTAT:TOUR_OCC_NINATDC(1.0),Nights spent at tourist accommodation establishments by degree of urbanisation and coastal/non-coastal area,A,Annual,TOTAL,Total,CST_A,Coastal areas,I551-I553,"Hotels; holiday and other short-stay accommodation; camping grounds, recreational vehicle parks and trailer parks",NR,Number,RS,Serbia,2020,,0,,,,,
dataflow,ESTAT:TOUR_OCC_NINATDC(1.0),Nights spent at tourist accommodation establishments by degree of urbanisation and coastal/non-coastal area,A,Annual,TOTAL,Total,CST_A,Coastal areas,I551-I553,"Hotels; holiday and other short-stay accommodation; camping grounds, recreational vehicle parks and trailer parks",NR,Number,RS,Serbia,2021,,0,,,,,
dataflow,ESTAT:TOUR_OCC_NINATDC(1.0),Nights spent at tourist accommodation establishments by degree of urbanisation and coastal/non-coastal area,A,Annual,TOTAL,Total,CST_A,Coastal areas,I551-I553,"Hotels; holiday and other short-stay accommodation; camping grounds, recreational vehicle parks and trailer parks",NR,Number,RS,Serbia,2022,,0,,,,,
dataflow,ESTAT:TOUR_OCC_NINATDC(1.0),Nights spent at tourist accommodation establishments by degree of urbanisation and coastal/non-coastal area,A,Annual,TOTAL,Total,CST_A,Coastal areas,I551-I553,"Hotels; holiday and other short-stay accommodation; camping grounds, recreational vehicle parks and trailer parks",NR,Number,RS,Serbia,2023,,0,,,,,
dataflow,ESTAT:TOUR_OCC_NINATDC(1.0),Nights spent at tourist accommodation establishments by degree of urbanisation and coastal/non-coastal area,A,Annual,TOTAL,Total,CST_A,Coastal areas,I551-I553,"Hotels; holiday and other short-stay accommodation; camping grounds, recreational vehicle parks and trailer parks",NR,Number,RS,Serbia,2024,,0,,,,,
dataflow,ESTAT:TOUR_OCC_NINATDC(1.0),Nights spent at tourist accommodation establishments by degree of urbanisation and coastal/non-coastal area,A,Annual,TOTAL,Total,CST_A,Coastal areas,I551-I553,"Hotels; holiday and other short-stay accommodation; camping grounds, recreational vehicle parks and trailer parks",NR,Number,SE,Sweden,2012,,29827512,,,,,
dataflow,ESTAT:TOUR_OCC_NINATDC(1.0),Nights spent at tourist accommodation establishments by degree of urbanisation and coastal/non-coastal area,A,Annual,TOTAL,Total,CST_A,Coastal areas,I551-I553,"Hotels; holiday and other short-stay accommodation; camping grounds, recreational vehicle parks and trailer parks",NR,Number,SE,Sweden,2013,,30446593,,,,,
dataflow,ESTAT:TOUR_OCC_NINATDC(1.0),Nights spent at tourist accommodation establishments by degree of urbanisation and coastal/non-coastal area,A,Annual,TOTAL,Total,CST_A,Coastal areas,I551-I553,"Hotels; holiday and other short-stay accommodation; camping grounds, recreational vehicle parks and trailer parks",NR,Number,SE,Sweden,2014,,32224945,,,,,
dataflow,ESTAT:TOUR_OCC_NINATDC(1.0),Nights spent at tourist accommodation establishments by degree of urbanisation and coastal/non-coastal area,A,Annual,TOTAL,Total,CST_A,Coastal areas,I551-I553,"Hotels; holiday and other short-stay accommodation; camping grounds, recreational vehicle parks and trailer parks",NR,Number,SE,Sweden,2015,,34599665,,,,,
dataflow,ESTAT:TOUR_OCC_NINATDC(1.0),Nights spent at tourist accommodation establishments by degree of urbanisation and coastal/non-coastal area,A,Annual,TOTAL,Total,CST_A,Coastal areas,I551-I553,"Hotels; holiday and other short-stay accommodation; camping grounds, recreational vehicle parks and trailer parks",NR,Number,SE,Sweden,2016,,35829300,,,,,
dataflow,ESTAT:TOUR_OCC_NINATDC(1.0),Nights spent at tourist accommodation establishments by degree of urbanisation and coastal/non-coastal area,A,Annual,TOTAL,Total,CST_A,Coastal areas,I551-I553,"Hotels; holiday and other short-stay accommodation; camping grounds, recreational vehicle parks and trailer parks",NR,Number,SE,Sweden,2017,,36533570,,,,,
dataflow,ESTAT:TOUR_OCC_NINATDC(1.0),Nights spent at tourist accommodation establishments by degree of urbanisation and coastal/non-coastal area,A,Annual,TOTAL,Total,CST_A,Coastal areas,I551-I553,"Hotels; holiday and other short-stay accommodation; camping grounds, recreational vehicle parks and trailer parks",NR,Number,SE,Sweden,2018,,37679776,,,,,
dataflow,ESTAT:TOUR_OCC_NINATDC(1.0),Nights spent at tourist accommodation establishments by degree of urbanisation and coastal/non-coastal area,A,Annual,TOTAL,Total,CST_A,Coastal areas,I551-I553,"Hotels; holiday and other short-stay accommodation; camping grounds, recreational vehicle parks and trailer parks",NR,Number,SE,Sweden,2019,,39474678,,,,,
dataflow,ESTAT:TOUR_OCC_NINATDC(1.0),Nights spent at tourist accommodation establishments by degree of urbanisation and coastal/non-coastal area,A,Annual,TOTAL,Total,CST_A,Coastal areas,I551-I553,"Hotels; holiday and other short-stay accommodation; camping grounds, recreational vehicle parks and trailer parks",NR,Number,SE,Sweden,2020,,23874874,,,,,
dataflow,ESTAT:TOUR_OCC_NINATDC(1.0),Nights spent at tourist accommodation establishments by degree of urbanisation and coastal/non-coastal area,A,Annual,TOTAL,Total,CST_A,Coastal areas,I551-I553,"Hotels; holiday and other short-stay accommodation; camping grounds, recreational vehicle parks and trailer parks",NR,Number,SE,Sweden,2021,,30583588,,,,,
dataflow,ESTAT:TOUR_OCC_NINATDC(1.0),Nights spent at tourist accommodation establishments by degree of urbanisation and coastal/non-coastal area,A,Annual,TOTAL,Total,CST_A,Coastal areas,I551-I553,"Hotels; holiday and other short-stay accommodation; camping grounds, recreational vehicle parks and trailer parks",NR,Number,SE,Sweden,2022,,38401778,,,,,
dataflow,ESTAT:TOUR_OCC_NINATDC(1.0),Nights spent at tourist accommodation establishments by degree of urbanisation and coastal/non-coastal area,A,Annual,TOTAL,Total,CST_A,Coastal areas,I551-I553,"Hotels; holiday and other short-stay accommodation; camping grounds, recreational vehicle parks and trailer parks",NR,Number,SE,Sweden,2023,,40144290,,,,,
dataflow,ESTAT:TOUR_OCC_NINATDC(1.0),Nights spent at tourist accommodation establishments by degree of urbanisation and coastal/non-coastal area,A,Annual,TOTAL,Total,CST_A,Coastal areas,I551-I553,"Hotels; holiday and other short-stay accommodation; camping grounds, recreational vehicle parks and trailer parks",NR,Number,SE,Sweden,2024,,40435645,,,,,
dataflow,ESTAT:TOUR_OCC_NINATDC(1.0),Nights spent at tourist accommodation establishments by degree of urbanisation and coastal/non-coastal area,A,Annual,TOTAL,Total,CST_A,Coastal areas,I551-I553,"Hotels; holiday and other short-stay accommodation; camping grounds, recreational vehicle parks and trailer parks",NR,Number,SI,Slovenia,2012,,2005876,,,,,
dataflow,ESTAT:TOUR_OCC_NINATDC(1.0),Nights spent at tourist accommodation establishments by degree of urbanisation and coastal/non-coastal area,A,Annual,TOTAL,Total,CST_A,Coastal areas,I551-I553,"Hotels; holiday and other short-stay accommodation; camping grounds, recreational vehicle parks and trailer parks",NR,Number,SI,Slovenia,2013,,1984287,,,,,
dataflow,ESTAT:TOUR_OCC_NINATDC(1.0),Nights spent at tourist accommodation establishments by degree of urbanisation and coastal/non-coastal area,A,Annual,TOTAL,Total,CST_A,Coastal areas,I551-I553,"Hotels; holiday and other short-stay accommodation; camping grounds, recreational vehicle parks and trailer parks",NR,Number,SI,Slovenia,2014,,2015371,,,,,
dataflow,ESTAT:TOUR_OCC_NINATDC(1.0),Nights spent at tourist accommodation establishments by degree of urbanisation and coastal/non-coastal area,A,Annual,TOTAL,Total,CST_A,Coastal areas,I551-I553,"Hotels; holiday and other short-stay accommodation; camping grounds, recreational vehicle parks and trailer parks",NR,Number,SI,Slovenia,2015,,2117074,,,,,
dataflow,ESTAT:TOUR_OCC_NINATDC(1.0),Nights spent at tourist accommodation establishments by degree of urbanisation and coastal/non-coastal area,A,Annual,TOTAL,Total,CST_A,Coastal areas,I551-I553,"Hotels; holiday and other short-stay accommodation; camping grounds, recreational vehicle parks and trailer parks",NR,Number,SI,Slovenia,2016,,2232678,,,,,
dataflow,ESTAT:TOUR_OCC_NINATDC(1.0),Nights spent at tourist accommodation establishments by degree of urbanisation and coastal/non-coastal area,A,Annual,TOTAL,Total,CST_A,Coastal areas,I551-I553,"Hotels; holiday and other short-stay accommodation; camping grounds, recreational vehicle parks and trailer parks",NR,Number,SI,Slovenia,2017,,2465701,,,,,
dataflow,ESTAT:TOUR_OCC_NINATDC(1.0),Nights spent at tourist accommodation establishments by degree of urbanisation and coastal/non-coastal area,A,Annual,TOTAL,Total,CST_A,Coastal areas,I551-I553,"Hotels; holiday and other short-stay accommodation; camping grounds, recreational vehicle parks and trailer parks",NR,Number,SI,Slovenia,2019,,2999427,,,,,
dataflow,ESTAT:TOUR_OCC_NINATDC(1.0),Nights spent at tourist accommodation establishments by degree of urbanisation and coastal/non-coastal area,A,Annual,TOTAL,Total,CST_A,Coastal areas,I551-I553,"Hotels; holiday and other short-stay accommodation; camping grounds, recreational vehicle parks and trailer parks",NR,Number,SI,Slovenia,2020,,2204448,,,,,
dataflow,ESTAT:TOUR_OCC_NINATDC(1.0),Nights spent at tourist accommodation establishments by degree of urbanisation and coastal/non-coastal area,A,Annual,TOTAL,Total,CST_A,Coastal areas,I551-I553,"Hotels; holiday and other short-stay accommodation; camping grounds, recreational vehicle parks and trailer parks",NR,Number,SI,Slovenia,2021,,2650913,,,,,
dataflow,ESTAT:TOUR_OCC_NINATDC(1.0),Nights spent at tourist accommodation establishments by degree of urbanisation and coastal/non-coastal area,A,Annual,TOTAL,Total,CST_A,Coastal areas,I551-I553,"Hotels; holiday and other short-stay accommodation; camping grounds, recreational vehicle parks and trailer parks",NR,Number,SI,Slovenia,2022,,3058493,,,,,
dataflow,ESTAT:TOUR_OCC_NINATDC(1.0),Nights spent at tourist accommodation establishments by degree of urbanisation and coastal/non-coastal area,A,Annual,TOTAL,Total,CST_A,Coastal areas,I551-I553,"Hotels; holiday and other short-stay accommodation; camping grounds, recreational vehicle parks and trailer parks",NR,Number,SI,Slovenia,2023,,3052674,,,,,
dataflow,ESTAT:TOUR_OCC_NINATDC(1.0),Nights spent at tourist accommodation establishments by degree of urbanisation and coastal/non-coastal area,A,Annual,TOTAL,Total,CST_A,Coastal areas,I551-I553,"Hotels; holiday and other short-stay accommodation; camping grounds, recreational vehicle parks and trailer parks",NR,Number,SI,Slovenia,2024,,3135903,,,,,
dataflow,ESTAT:TOUR_OCC_NINATDC(1.0),Nights spent at tourist accommodation establishments by degree of urbanisation and coastal/non-coastal area,A,Annual,TOTAL,Total,CST_A,Coastal areas,I551-I553,"Hotels; holiday and other short-stay accommodation; camping grounds, recreational vehicle parks and trailer parks",NR,Number,SK,Slovakia,2012,,0,,,,,
dataflow,ESTAT:TOUR_OCC_NINATDC(1.0),Nights spent at tourist accommodation establishments by degree of urbanisation and coastal/non-coastal area,A,Annual,TOTAL,Total,CST_A,Coastal areas,I551-I553,"Hotels; holiday and other short-stay accommodation; camping grounds, recreational vehicle parks and trailer parks",NR,Number,SK,Slovakia,2013,,0,,,,,
dataflow,ESTAT:TOUR_OCC_NINATDC(1.0),Nights spent at tourist accommodation establishments by degree of urbanisation and coastal/non-coastal area,A,Annual,TOTAL,Total,CST_A,Coastal areas,I551-I553,"Hotels; holiday and other short-stay accommodation; camping grounds, recreational vehicle parks and trailer parks",NR,Number,SK,Slovakia,2014,,0,,,,,
dataflow,ESTAT:TOUR_OCC_NINATDC(1.0),Nights spent at tourist accommodation establishments by degree of urbanisation and coastal/non-coastal area,A,Annual,TOTAL,Total,CST_A,Coastal areas,I551-I553,"Hotels; holiday and other short-stay accommodation; camping grounds, recreational vehicle parks and trailer parks",NR,Number,SK,Slovakia,2015,,0,,,,,
dataflow,ESTAT:TOUR_OCC_NINATDC(1.0),Nights spent at tourist accommodation establishments by degree of urbanisation and coastal/non-coastal area,A,Annual,TOTAL,Total,CST_A,Coastal areas,I551-I553,"Hotels; holiday and other short-stay accommodation; camping grounds, recreational vehicle parks and trailer parks",NR,Number,SK,Slovakia,2016,,0,,,,,
dataflow,ESTAT:TOUR_OCC_NINATDC(1.0),Nights spent at tourist accommodation establishments by degree of urbanisation and coastal/non-coastal area,A,Annual,TOTAL,Total,CST_A,Coastal areas,I551-I553,"Hotels; holiday and other short-stay accommodation; camping grounds, recreational vehicle parks and trailer parks",NR,Number,SK,Slovakia,2017,,0,,,,,
dataflow,ESTAT:TOUR_OCC_NINATDC(1.0),Nights spent at tourist accommodation establishments by degree of urbanisation and coastal/non-coastal area,A,Annual,TOTAL,Total,CST_A,Coastal areas,I551-I553,"Hotels; holiday and other short-stay accommodation; camping grounds, recreational vehicle parks and trailer parks",NR,Number,SK,Slovakia,2018,,0,,,,,
dataflow,ESTAT:TOUR_OCC_NINATDC(1.0),Nights spent at tourist accommodation establishments by degree of urbanisation and coastal/non-coastal area,A,Annual,TOTAL,Total,CST_A,Coastal areas,I551-I553,"Hotels; holiday and other short-stay accommodation; camping grounds, recreational vehicle parks and trailer parks",NR,Number,SK,Slovakia,2019,,0,,,,,
dataflow,ESTAT:TOUR_OCC_NINATDC(1.0),Nights spent at tourist accommodation establishments by degree of urbanisation and coastal/non-coastal area,A,Annual,TOTAL,Total,CST_A,Coastal areas,I551-I553,"Hotels; holiday and other short-stay accommodation; camping grounds, recreational vehicle parks and trailer parks",NR,Number,SK,Slovakia,2020,,0,,,,,
dataflow,ESTAT:TOUR_OCC_NINATDC(1.0),Nights spent at tourist accommodation establishments by degree of urbanisation and coastal/non-coastal area,A,Annual,TOTAL,Total,CST_A,Coastal areas,I551-I553,"Hotels; holiday and other short-stay accommodation; camping grounds, recreational vehicle parks and trailer parks",NR,Number,SK,Slovakia,2021,,0,,,,,
dataflow,ESTAT:TOUR_OCC_NINATDC(1.0),Nights spent at tourist accommodation establishments by degree of urbanisation and coastal/non-coastal area,A,Annual,TOTAL,Total,CST_A,Coastal areas,I551-I553,"Hotels; holiday and other short-stay accommodation; camping grounds, recreational vehicle parks and trailer parks",NR,Number,SK,Slovakia,2022,,0,,,,,
dataflow,ESTAT:TOUR_OCC_NINATDC(1.0),Nights spent at tourist accommodation establishments by degree of urbanisation and coastal/non-coastal area,A,Annual,TOTAL,Total,CST_A,Coastal areas,I551-I553,"Hotels; holiday and other short-stay accommodation; camping grounds, recreational vehicle parks and trailer parks",NR,Number,SK,Slovakia,2023,,0,,,,,
dataflow,ESTAT:TOUR_OCC_NINATDC(1.0),Nights spent at tourist accommodation establishments by degree of urbanisation and coastal/non-coastal area,A,Annual,TOTAL,Total,CST_A,Coastal areas,I551-I553,"Hotels; holiday and other short-stay accommodation; camping grounds, recreational vehicle parks and trailer parks",NR,Number,SK,Slovakia,2024,,0,,,,,
dataflow,ESTAT:TOUR_OCC_NINATDC(1.0),Nights spent at tourist accommodation establishments by degree of urbanisation and coastal/non-coastal area,A,Annual,TOTAL,Total,CST_A,Coastal areas,I551-I553,"Hotels; holiday and other short-stay accommodation; camping grounds, recreational vehicle parks and trailer parks",NR,Number,UK,United Kingdom,2012,,140302228,,,,,
dataflow,ESTAT:TOUR_OCC_NINATDC(1.0),Nights spent at tourist accommodation establishments by degree of urbanisation and coastal/non-coastal area,A,Annual,TOTAL,Total,CST_A,Coastal areas,I551-I553,"Hotels; holiday and other short-stay accommodation; camping grounds, recreational vehicle parks and trailer parks",NR,Number,UK,United Kingdom,2014,,157169720,,,,,
dataflow,ESTAT:TOUR_OCC_NINATDC(1.0),Nights spent at tourist accommodation establishments by degree of urbanisation and coastal/non-coastal area,A,Annual,TOTAL,Total,CST_A,Coastal areas,I551-I553,"Hotels; holiday and other short-stay accommodation; camping grounds, recreational vehicle parks and trailer parks",NR,Number,UK,United Kingdom,2015,,172903671,,,,,
dataflow,ESTAT:TOUR_OCC_NINATDC(1.0),Nights spent at tourist accommodation establishments by degree of urbanisation and coastal/non-coastal area,A,Annual,TOTAL,Total,CST_A,Coastal areas,I551-I553,"Hotels; holiday and other short-stay accommodation; camping grounds, recreational vehicle parks and trailer parks",NR,Number,UK,United Kingdom,2016,,179965092,,,,,
